test_loss,accuracy,f1score,precision,recall,accuracy_per_0,accuracy_per_1,accuracy_per_2,accuracy_per_3,accuracy_per_4,accuracy_per_5,accuracy_per_6,accuracy_per_7,accuracy_per_8,accuracy_per_9,node_id,epoch
2.2927927523851395,0.14016840019811788,0.030734144222415292,0.017521050024764735,0.125,0.0,0.0,1.0,0.0,0.0,0.0,0.0,0.0,nan,nan,7,0
2.292827747762203,0.13938492063492064,0.030583369612538092,0.01742311507936508,0.125,0.0,0.0,1.0,0.0,0.0,0.0,0.0,0.0,nan,nan,6,0
2.2867887814839682,0.3981042654028436,0.06327683615819209,0.044233807266982623,0.1111111111111111,0.0,nan,1.0,0.0,0.0,0.0,0.0,0.0,0.0,0.0,4,0
2.2887306928634645,0.3801261829652997,0.0612063492063492,0.04223624255169997,0.1111111111111111,0.0,nan,1.0,0.0,0.0,0.0,0.0,0.0,0.0,0.0,3,0
2.2875013828277586,0.3751962323390895,0.06820776255707763,0.04689952904238619,0.125,nan,nan,1.0,0.0,0.0,0.0,0.0,0.0,0.0,0.0,2,0
2.291400686899821,0.3550573514077164,0.06550596383224316,0.04438216892596455,0.125,nan,nan,1.0,0.0,0.0,0.0,0.0,0.0,0.0,0.0,0,0
2.287426887019988,0.3774076002082249,0.06849962207105065,0.04717595002602811,0.125,0.0,nan,1.0,nan,0.0,0.0,0.0,0.0,0.0,0.0,1,0
2.2934102937579155,0.14364089775561098,0.03139991277802006,0.017955112219451373,0.125,0.0,0.0,1.0,0.0,0.0,0.0,0.0,0.0,nan,nan,5,0
2.221694072087606,0.3550573514077164,0.06550596383224316,0.04438216892596455,0.125,nan,nan,1.0,0.0,0.0,0.0,0.0,0.0,0.0,0.0,0,1
2.214281423886617,0.3981042654028436,0.06327683615819209,0.044233807266982623,0.1111111111111111,0.0,nan,1.0,0.0,0.0,0.0,0.0,0.0,0.0,0.0,4,1
2.261890970170498,0.13938492063492064,0.030583369612538092,0.01742311507936508,0.125,0.0,0.0,1.0,0.0,0.0,0.0,0.0,0.0,nan,nan,6,1
2.262805111706257,0.14016840019811788,0.030734144222415292,0.017521050024764735,0.125,0.0,0.0,1.0,0.0,0.0,0.0,0.0,0.0,nan,nan,7,1
2.2182422240575153,0.3801261829652997,0.0612063492063492,0.04223624255169997,0.1111111111111111,0.0,nan,1.0,0.0,0.0,0.0,0.0,0.0,0.0,0.0,3,1
2.262271836400032,0.14364089775561098,0.03139991277802006,0.017955112219451373,0.125,0.0,0.0,1.0,0.0,0.0,0.0,0.0,0.0,nan,nan,5,1
2.2162620405997,0.3774076002082249,0.06849962207105065,0.04717595002602811,0.125,0.0,nan,1.0,nan,0.0,0.0,0.0,0.0,0.0,0.0,1,1
2.2155155817667644,0.3751962323390895,0.06820776255707763,0.04689952904238619,0.125,nan,nan,1.0,0.0,0.0,0.0,0.0,0.0,0.0,0.0,2,1
2.1915316820144652,0.3801261829652997,0.0612063492063492,0.04223624255169997,0.1111111111111111,0.0,nan,1.0,0.0,0.0,0.0,0.0,0.0,0.0,0.0,3,2
2.253617763519287,0.14364089775561098,0.03139991277802006,0.017955112219451373,0.125,0.0,0.0,1.0,0.0,0.0,0.0,0.0,0.0,nan,nan,5,2
2.254670202732086,0.14016840019811788,0.030734144222415292,0.017521050024764735,0.125,0.0,0.0,1.0,0.0,0.0,0.0,0.0,0.0,nan,nan,7,2
2.1882633129755655,0.3751962323390895,0.06820776255707763,0.04689952904238619,0.125,nan,nan,1.0,0.0,0.0,0.0,0.0,0.0,0.0,0.0,2,2
2.1900564316780335,0.3774076002082249,0.06849962207105065,0.04717595002602811,0.125,0.0,nan,1.0,nan,0.0,0.0,0.0,0.0,0.0,0.0,1,2
2.186209511756897,0.3981042654028436,0.06327683615819209,0.044233807266982623,0.1111111111111111,0.0,nan,1.0,0.0,0.0,0.0,0.0,0.0,0.0,0.0,4,2
2.2537435218691826,0.13938492063492064,0.030583369612538092,0.01742311507936508,0.125,0.0,0.0,1.0,0.0,0.0,0.0,0.0,0.0,nan,nan,6,2
2.1955782254536946,0.3550573514077164,0.06550596383224316,0.04438216892596455,0.125,nan,nan,1.0,0.0,0.0,0.0,0.0,0.0,0.0,0.0,0,2
2.160188110669454,0.3751962323390895,0.06820776255707763,0.04689952904238619,0.125,nan,nan,1.0,0.0,0.0,0.0,0.0,0.0,0.0,0.0,2,3
2.1686992327372234,0.3550573514077164,0.06550596383224316,0.04438216892596455,0.125,nan,nan,1.0,0.0,0.0,0.0,0.0,0.0,0.0,0.0,0,3
2.164026133219401,0.3801261829652997,0.0612063492063492,0.04223624255169997,0.1111111111111111,0.0,nan,1.0,0.0,0.0,0.0,0.0,0.0,0.0,0.0,3,3
2.15732847849528,0.3981042654028436,0.06327683615819209,0.044233807266982623,0.1111111111111111,0.0,nan,1.0,0.0,0.0,0.0,0.0,0.0,0.0,0.0,4,3
2.2468086183071136,0.14016840019811788,0.030734144222415292,0.017521050024764735,0.125,0.0,0.0,1.0,0.0,0.0,0.0,0.0,0.0,nan,nan,7,3
2.1629774801192747,0.3774076002082249,0.06849962207105065,0.04717595002602811,0.125,0.0,nan,1.0,nan,0.0,0.0,0.0,0.0,0.0,0.0,1,3
2.245213344693184,0.14364089775561098,0.03139991277802006,0.017955112219451373,0.125,0.0,0.0,1.0,0.0,0.0,0.0,0.0,0.0,nan,nan,5,3
2.245861232280731,0.13938492063492064,0.030583369612538092,0.01742311507936508,0.125,0.0,0.0,1.0,0.0,0.0,0.0,0.0,0.0,nan,nan,6,3
2.1334301312764485,0.3801261829652997,0.0612063492063492,0.04223624255169997,0.1111111111111111,0.0,nan,1.0,0.0,0.0,0.0,0.0,0.0,0.0,0.0,3,4
2.237757384777069,0.13938492063492064,0.030583369612538092,0.01742311507936508,0.125,0.0,0.0,1.0,0.0,0.0,0.0,0.0,0.0,nan,nan,6,4
2.138753096262614,0.3550573514077164,0.06550596383224316,0.04438216892596455,0.125,nan,nan,1.0,0.0,0.0,0.0,0.0,0.0,0.0,0.0,0,4
2.236556775867939,0.14364089775561098,0.03139991277802006,0.017955112219451373,0.125,0.0,0.0,1.0,0.0,0.0,0.0,0.0,0.0,nan,nan,5,4
2.125262395540873,0.3981042654028436,0.06327683615819209,0.044233807266982623,0.1111111111111111,0.0,nan,1.0,0.0,0.0,0.0,0.0,0.0,0.0,0.0,4,4
2.1327675388705347,0.3774076002082249,0.06849962207105065,0.04717595002602811,0.125,0.0,nan,1.0,nan,0.0,0.0,0.0,0.0,0.0,0.0,1,4
2.128905765215556,0.3751962323390895,0.06820776255707763,0.04689952904238619,0.125,nan,nan,1.0,0.0,0.0,0.0,0.0,0.0,0.0,0.0,2,4
2.2387387827038765,0.14016840019811788,0.030734144222415292,0.017521050024764735,0.125,0.0,0.0,1.0,0.0,0.0,0.0,0.0,0.0,nan,nan,7,4
2.0847083806991575,0.3751962323390895,0.06820776255707763,0.04689952904238619,0.125,nan,nan,1.0,0.0,0.0,0.0,0.0,0.0,0.0,0.0,2,5
2.22772429138422,0.13938492063492064,0.030583369612538092,0.01742311507936508,0.125,0.0,0.0,1.0,0.0,0.0,0.0,0.0,0.0,nan,nan,6,5
2.0962459564208986,0.3550573514077164,0.06550596383224316,0.04438216892596455,0.125,nan,nan,1.0,0.0,0.0,0.0,0.0,0.0,0.0,0.0,0,5
2.228928752243519,0.14016840019811788,0.030734144222415292,0.017521050024764735,0.125,0.0,0.0,1.0,0.0,0.0,0.0,0.0,0.0,nan,nan,7,5
2.225863963365555,0.14364089775561098,0.03139991277802006,0.017955112219451373,0.125,0.0,0.0,1.0,0.0,0.0,0.0,0.0,0.0,nan,nan,5,5
2.0809366782506307,0.3981042654028436,0.06327683615819209,0.044233807266982623,0.1111111111111111,0.0,nan,1.0,0.0,0.0,0.0,0.0,0.0,0.0,0.0,4,5
2.0903011401494345,0.3801261829652997,0.0612063492063492,0.04223624255169997,0.1111111111111111,0.0,nan,1.0,0.0,0.0,0.0,0.0,0.0,0.0,0.0,3,5
2.089581743363411,0.3774076002082249,0.06849962207105065,0.04717595002602811,0.125,0.0,nan,1.0,nan,0.0,0.0,0.0,0.0,0.0,0.0,1,5
2.2125903218984604,0.14016840019811788,0.030734144222415292,0.017521050024764735,0.125,0.0,0.0,1.0,0.0,0.0,0.0,0.0,0.0,nan,nan,7,6
1.949997850259145,0.3801261829652997,0.0612063492063492,0.04223624255169997,0.1111111111111111,0.0,nan,1.0,0.0,0.0,0.0,0.0,0.0,0.0,0.0,3,6
1.9540789723396301,0.3550573514077164,0.06550596383224316,0.04438216892596455,0.125,nan,nan,1.0,0.0,0.0,0.0,0.0,0.0,0.0,0.0,0,6
1.944179723339696,0.3774076002082249,0.06849962207105065,0.04717595002602811,0.125,0.0,nan,1.0,nan,0.0,0.0,0.0,0.0,0.0,0.0,1,6
1.9438258171081544,0.3981042654028436,0.06327683615819209,0.044233807266982623,0.1111111111111111,0.0,nan,1.0,0.0,0.0,0.0,0.0,0.0,0.0,0.0,4,6
1.9398561676343282,0.3751962323390895,0.06820776255707763,0.04689952904238619,0.125,nan,nan,1.0,0.0,0.0,0.0,0.0,0.0,0.0,0.0,2,6
2.2078616619110107,0.14364089775561098,0.03139991277802006,0.017955112219451373,0.125,0.0,0.0,1.0,0.0,0.0,0.0,0.0,0.0,nan,nan,5,6
2.210963614284992,0.13938492063492064,0.030583369612538092,0.01742311507936508,0.125,0.0,0.0,1.0,0.0,0.0,0.0,0.0,0.0,nan,nan,6,6
2.153082050383091,0.14016840019811788,0.030734144222415292,0.017521050024764735,0.125,0.0,0.0,1.0,0.0,0.0,0.0,0.0,0.0,nan,nan,7,7
1.5960321964756135,0.3774076002082249,0.06849962207105065,0.04717595002602811,0.125,0.0,nan,1.0,nan,0.0,0.0,0.0,0.0,0.0,0.0,1,7
1.6040149410565694,0.3550573514077164,0.06550596383224316,0.04438216892596455,0.125,nan,nan,1.0,0.0,0.0,0.0,0.0,0.0,0.0,0.0,0,7
1.5510151823361715,0.3981042654028436,0.06327683615819209,0.044233807266982623,0.1111111111111111,0.0,nan,1.0,0.0,0.0,0.0,0.0,0.0,0.0,0.0,4,7
1.5628586212793987,0.3751962323390895,0.06820776255707763,0.04689952904238619,0.125,nan,nan,1.0,0.0,0.0,0.0,0.0,0.0,0.0,0.0,2,7
1.5939320564270019,0.3801261829652997,0.0612063492063492,0.04223624255169997,0.1111111111111111,0.0,nan,1.0,0.0,0.0,0.0,0.0,0.0,0.0,0.0,3,7
2.140728622674942,0.14364089775561098,0.03139991277802006,0.017955112219451373,0.125,0.0,0.0,1.0,0.0,0.0,0.0,0.0,0.0,nan,nan,5,7
2.147872507572174,0.13938492063492064,0.030583369612538092,0.01742311507936508,0.125,0.0,0.0,1.0,0.0,0.0,0.0,0.0,0.0,nan,nan,6,7
1.9910254329442978,0.14016840019811788,0.030734144222415292,0.017521050024764735,0.125,0.0,0.0,1.0,0.0,0.0,0.0,0.0,0.0,nan,nan,7,8
1.961152445524931,0.14364089775561098,0.03139991277802006,0.017955112219451373,0.125,0.0,0.0,1.0,0.0,0.0,0.0,0.0,0.0,nan,nan,5,8
1.4205694397290547,0.3751962323390895,0.06820776255707763,0.04689952904238619,0.125,nan,nan,1.0,0.0,0.0,0.0,0.0,0.0,0.0,0.0,2,8
1.4487061654367754,0.3774076002082249,0.06849962207105065,0.04717595002602811,0.125,0.0,nan,1.0,nan,0.0,0.0,0.0,0.0,0.0,0.0,1,8
1.969565499573946,0.13938492063492064,0.030583369612538092,0.01742311507936508,0.125,0.0,0.0,1.0,0.0,0.0,0.0,0.0,0.0,nan,nan,6,8
1.423261324564616,0.3981042654028436,0.06327683615819209,0.044233807266982623,0.1111111111111111,0.0,nan,1.0,0.0,0.0,0.0,0.0,0.0,0.0,0.0,4,8
1.4629623889923096,0.3801261829652997,0.0612063492063492,0.04223624255169997,0.1111111111111111,0.0,nan,1.0,0.0,0.0,0.0,0.0,0.0,0.0,0.0,3,8
1.4576916337013244,0.3550573514077164,0.06550596383224316,0.04438216892596455,0.125,nan,nan,1.0,0.0,0.0,0.0,0.0,0.0,0.0,0.0,0,8
1.3855405489603678,0.3751962323390895,0.06820776255707763,0.04689952904238619,0.125,nan,nan,1.0,0.0,0.0,0.0,0.0,0.0,0.0,0.0,2,9
1.8092645704746246,0.30361565131253093,0.08814127057631944,0.061974258537751285,0.15302966658757286,0.0,0.0,0.22968197879858657,0.9945553539019963,0.0,0.0,0.0,0.0,nan,nan,7,9
1.7822752445936203,0.2996031746031746,0.08418045736718638,0.05902113203483334,0.14790563281486296,0.0,0.0,0.18505338078291814,0.9981916817359855,0.0,0.0,0.0,0.0,nan,nan,6,9
1.419823702176412,0.3550573514077164,0.06550596383224316,0.04438216892596455,0.125,nan,nan,1.0,0.0,0.0,0.0,0.0,0.0,0.0,0.0,0,9
1.4259764115015665,0.3801261829652997,0.0612063492063492,0.04223624255169997,0.1111111111111111,0.0,nan,1.0,0.0,0.0,0.0,0.0,0.0,0.0,0.0,3,9
1.41309154418207,0.3774076002082249,0.06849962207105065,0.04717595002602811,0.125,0.0,nan,1.0,nan,0.0,0.0,0.0,0.0,0.0,0.0,1,9
1.773989349603653,0.3226932668329177,0.0935263865332918,0.06670516993625873,0.15733506944444445,0.0,0.0,0.2708333333333333,0.9878472222222222,0.0,0.0,0.0,0.0,nan,nan,5,9
1.3901673158009846,0.3981042654028436,0.06327683615819209,0.044233807266982623,0.1111111111111111,0.0,nan,1.0,0.0,0.0,0.0,0.0,0.0,0.0,0.0,4,9
1.380069621404012,0.3801261829652997,0.0612063492063492,0.04223624255169997,0.1111111111111111,0.0,nan,1.0,0.0,0.0,0.0,0.0,0.0,0.0,0.0,3,10
1.537808384746313,0.3923611111111111,0.13494143401545833,0.09770811453004746,0.23349748701678968,0.0,0.0,0.8896797153024911,0.9783001808318263,0.0,0.0,0.0,0.0,nan,nan,6,10
1.341662311553955,0.3751962323390895,0.06820776255707763,0.04689952904238619,0.125,nan,nan,1.0,0.0,0.0,0.0,0.0,0.0,0.0,0.0,2,10
1.567890863865614,0.3952451708766716,0.1412210407894721,0.18518575530609047,0.2357278299154501,0.0,0.0,0.872791519434629,0.9872958257713249,0.025735294117647058,0.0,0.0,0.0,nan,nan,7,10
1.3472692489624023,0.4218009478672986,0.0877306970482972,0.12001921478729871,0.12300148848612207,0.0,nan,0.9814814814814815,0.0,0.125531914893617,0.0,0.0,0.0,0.0,0.0,4,10
1.373946519692739,0.3587069864442127,0.06931357576456124,0.1695447409733124,0.1268421052631579,nan,nan,1.0,0.0,0.014736842105263158,0.0,0.0,0.0,0.0,0.0,0,10
1.5244724228978157,0.4024937655860349,0.13492194093880627,0.09771603718115175,0.22721354166666669,0.0,0.0,0.8333333333333334,0.984375,0.0,0.0,0.0,0.0,nan,nan,5,10
1.3683760858351184,0.37792816241540866,0.06906200053546654,0.17220052083333334,0.12526881720430108,0.0,nan,1.0,nan,0.0,0.0,0.002150537634408602,0.0,0.0,0.0,1,10
1.287698411172436,0.41072358146798543,0.1086845936233983,0.18762249276616563,0.14607504715384245,0.0,nan,0.9448275862068966,nan,0.010869565217391304,0.0,0.2129032258064516,0.0,0.0,0.0,1,11
1.268820293744405,0.4486571879936809,0.1156055564920036,0.21560359761683767,0.1420777855134852,0.0,nan,0.8796296296296297,0.0,0.3893617021276596,0.0,0.009708737864077669,0.0,0.0,0.0,4,11
1.2890031615893045,0.3899895724713243,0.10404354437245159,0.11993920648464164,0.14478089496869928,nan,nan,0.960352422907489,0.0,0.19789473684210526,0.0,0.0,0.0,0.0,0.0,0,11
1.2928226431210836,0.4027339642481598,0.08313898010803841,0.23325605645867084,0.12233645986856817,0.0,nan,0.9944674965421854,0.0,0.10430839002267574,0.0,0.0022522522522522522,0.0,0.0,0.0,3,11
1.2478449456393719,0.6215948489351164,0.3772982654463394,0.4093631657753981,0.4031268692642509,0.4578313253012048,0.0,0.8621908127208481,0.9310344827586207,0.25,0.7239583333333334,0.0,0.0,nan,nan,7,11
1.2251204140484333,0.5391865079365079,0.2865434728594831,0.3990957646811547,0.338877540737408,0.1871508379888268,0.0,0.9217081850533808,0.9620253164556962,0.051094890510948905,0.589041095890411,0.0,0.0,nan,nan,6,11
1.2609832684199016,0.4139194139194139,0.10980075317402699,0.2383106773130754,0.14537936648331581,nan,nan,0.9860529986052998,0.0,0.1069182389937107,0.0,0.07006369426751592,0.0,0.0,0.0,2,11
1.2112767770886421,0.602493765586035,0.33288992678162976,0.44684263197901425,0.38431075284722643,0.4619883040935672,0.0,0.9340277777777778,0.9565972222222222,0.010273972602739725,0.7115987460815048,0.0,0.0,nan,nan,5,11
1.1853312330861245,0.4846434148880791,0.23704514021212433,0.2998304823529919,0.287388737113374,0.0,nan,0.7075862068965517,nan,0.008695652173913044,0.0,0.6129032258064516,0.9699248120300752,0.0,0.0,1,12
1.0115774814039469,0.6671626984126984,0.4022096599122623,0.4254763015219767,0.4325136090621365,0.4581005586592179,0.0,0.8327402135231317,0.945750452079566,0.24817518248175183,0.9753424657534246,0.0,0.0,nan,nan,6,12
1.0210950151085854,0.7062902426944032,0.4429238912735472,0.4304212959705206,0.4679142294492429,0.6716867469879518,0.0,0.7597173144876325,0.8911070780399274,0.4338235294117647,0.9869791666666666,0.0,0.0,nan,nan,7,12
1.1415957411130269,0.4971219256933543,0.24138904943161493,0.2989025691180063,0.2848718952308601,nan,nan,0.9539748953974896,0.0,0.10062893081761007,0.0,0.23354564755838642,0.9908256880733946,0.0,0.0,2,12
1.1481971462567648,0.5566087414428647,0.25596654714691147,0.26757670035807896,0.28381823133797013,0.0,nan,0.7883597883597884,0.0,0.5297872340425532,0.0,0.24514563106796117,0.9910714285714286,0.0,0.0,4,12
1.154268491268158,0.5140771637122002,0.26073483427462996,0.32738523710343775,0.295845670650461,nan,nan,0.8972099853157122,0.0,0.4147368421052632,0.0,0.08298755186721991,0.971830985915493,0.0,0.0,0,12
1.0050555244088173,0.6802992518703241,0.3968884932054948,0.4246994128001831,0.4494838028700223,0.7485380116959064,0.0,0.9131944444444444,0.8958333333333334,0.0821917808219178,0.9561128526645768,0.0,0.0,nan,nan,5,12
1.1652840991814932,0.5120925341745531,0.2167818136500114,0.28543352790003884,0.24947687067431815,0.0,nan,0.9571230982019364,0.0,0.23582766439909297,0.0,0.0945945945945946,0.9577464788732394,0.0,0.0,3,12
0.8864086549729109,0.7028769841269841,0.46159711394577807,0.547479240200663,0.47045773715572925,0.5614525139664804,0.0,0.7259786476868327,0.9403254972875226,0.42700729927007297,0.9917808219178083,0.0,0.11711711711711711,nan,nan,6,13
1.0356949905554453,0.5683003128258602,0.32780457825084913,0.42564707514671885,0.34675454089713653,nan,nan,0.8634361233480177,0.0,0.49894736842105264,0.20833333333333334,0.2033195020746888,1.0,0.0,0.0,0,13
0.8839695900678635,0.7355126300148589,0.5017639081673143,0.5491531008627261,0.5079928644364442,0.7349397590361446,0.0,0.7314487632508834,0.8911070780399274,0.5294117647058824,0.984375,0.0,0.1926605504587156,nan,nan,7,13
1.136420895976405,0.46694429984383135,0.26735414066516516,0.4284508929097079,0.3109164802755062,0.0,nan,0.5420689655172414,nan,0.008695652173913044,0.2,0.7440860215053764,0.9924812030075187,0.0,0.0,1,13
0.8885173108428717,0.6922693266832918,0.41798257069755407,0.4245969857925679,0.4614316119412997,0.783625730994152,0.0,0.875,0.8732638888888888,0.1815068493150685,0.9780564263322884,0.0,0.0,nan,nan,5,13
1.0657157401243846,0.5504731861198738,0.27162540493517706,0.3713276122575697,0.28971818376086306,0.0,nan,0.9239280774550485,0.0,0.29024943310657597,0.20634920634920634,0.18693693693693694,1.0,0.0,0.0,3,13
1.053509924809138,0.5781990521327014,0.3079315763310244,0.3571185363082651,0.3222220025358556,0.0,nan,0.7116402116402116,0.0,0.5531914893617021,0.2540983606557377,0.38106796116504854,1.0,0.0,0.0,4,13
1.0421705226103464,0.5243328100470958,0.2830096940155109,0.39604376570082134,0.31617056708849356,nan,nan,0.9246861924686193,0.0,0.1530398322851153,0.1565217391304348,0.2951167728237792,1.0,0.0,0.0,2,13
0.9734927177429199,0.5572998430141287,0.33436435496193184,0.40436466033350327,0.3518073572609492,nan,nan,0.8967921896792189,0.0,0.25157232704402516,0.3391304347826087,0.32696390658174096,1.0,0.0,0.0,2,14
0.8025524038821459,0.7582961862308073,0.5491958947079182,0.5588468604158676,0.5505235348540802,0.7650602409638554,0.0,0.7279151943462897,0.9019963702359347,0.5698529411764706,0.953125,0.0,0.48623853211009177,nan,nan,7,14
0.9588377058506012,0.59436913451512,0.3647449574374151,0.43240528811878576,0.3767125946664882,nan,nan,0.8428781204111601,0.0,0.5663157894736842,0.38333333333333336,0.22821576763485477,0.9929577464788732,0.0,0.0,0,14
0.9856444855531057,0.5961032122169563,0.3281080363089497,0.3459091253179732,0.3407780334720041,0.0,nan,0.708994708994709,0.0,0.5425531914893617,0.36885245901639346,0.44660194174757284,1.0,0.0,0.0,4,14
0.8105339985340834,0.7475198412698413,0.5414531343305999,0.5608330797720358,0.5393284766129649,0.664804469273743,0.0,0.7153024911032029,0.9403254972875226,0.5182481751824818,0.9534246575342465,0.0,0.5225225225225225,nan,nan,6,14
1.1490657368013937,0.44508068714211346,0.27410181793933264,0.372635084340569,0.3177519939702717,0.0,nan,0.4193103448275862,nan,0.010869565217391304,0.3,0.8193548387096774,0.9924812030075187,0.0,0.0,1,14
1.0009670714537302,0.5678233438485805,0.3028697098953343,0.3701927914571593,0.31417860404226733,0.0,nan,0.9004149377593361,0.0,0.3356009070294785,0.3888888888888889,0.20270270270270271,1.0,0.0,0.0,3,14
0.8076453600078821,0.7112219451371571,0.4536687200952535,0.562137514340698,0.48130591409004814,0.8011695906432749,0.0,0.8472222222222222,0.8888888888888888,0.2568493150684932,0.9780564263322884,0.0,0.0782608695652174,nan,nan,5,14
0.7624071445316076,0.7648809523809523,0.5608343092608612,0.5660344361087483,0.5637740994529217,0.6899441340782123,0.0,0.708185053380783,0.9385171790235082,0.6423357664233577,0.9095890410958904,0.0,0.6216216216216216,nan,nan,6,15
0.9404612878958384,0.6055818852027383,0.3390136262145551,0.34691504331141143,0.350314923591917,0.0,nan,0.7037037037037037,0.0,0.551063829787234,0.4426229508196721,0.4733009708737864,0.9821428571428571,0.0,0.0,4,15
0.9263344506422678,0.5834641548927263,0.36741913808596305,0.41667118973530876,0.3781143033697161,nan,nan,0.8828451882845189,0.0,0.33752620545073375,0.4782608695652174,0.3354564755838641,0.9908256880733946,0.0,0.0,2,15
1.2168352296275478,0.43154606975533577,0.2852745769681985,0.3688154433538725,0.3305249671869906,0.0,nan,0.3255172413793103,nan,0.008695652173913044,0.44545454545454544,0.8795698924731182,0.9849624060150376,0.0,0.0,1,15
0.7497056275606155,0.763744427934621,0.5595507154710075,0.5599653257316262,0.5636259539088897,0.7710843373493976,0.0,0.7137809187279152,0.8983666061705989,0.6102941176470589,0.9375,0.0,0.5779816513761468,nan,nan,7,15
0.7464772034436464,0.7366583541147133,0.5119640520662032,0.5702790716286643,0.5196390987749882,0.8128654970760234,0.0,0.8298611111111112,0.8923611111111112,0.3458904109589041,0.9717868338557993,0.0,0.30434782608695654,nan,nan,5,15
0.9651482860247295,0.5814931650893796,0.31810819273674146,0.3796536687268173,0.32774953235336557,0.0,nan,0.8990318118948825,0.0,0.36281179138321995,0.47619047619047616,0.21171171171171171,1.0,0.0,0.0,3,15
0.9079229811827342,0.616266944734098,0.38562704075823373,0.4410943747916372,0.3950738913932713,nan,nan,0.8281938325991189,0.0,0.6378947368421053,0.4666666666666667,0.24896265560165975,0.9788732394366197,0.0,0.0,0,15
0.9359026332696279,0.5930599369085173,0.32790954060007027,0.3780193752853265,0.3366498820710954,0.0,nan,0.8810511756569848,0.0,0.42403628117913833,0.5158730158730159,0.22297297297297297,0.9859154929577465,0.0,0.0,3,16
0.7148236175999045,0.7701832590391283,0.5676688816651565,0.5619741210939913,0.5755471237373919,0.7801204819277109,0.0,0.7243816254416962,0.896551724137931,0.6470588235294118,0.9140625,0.0,0.6422018348623854,nan,nan,7,16
1.1850810800829241,0.44195731389901094,0.3023719608738637,0.38314015897755493,0.34442888632470303,0.0,nan,0.3296551724137931,nan,0.02826086956521739,0.5727272727272728,0.8774193548387097,0.9473684210526315,0.0,0.0,1,16
0.7072661519050598,0.7476309226932668,0.5306285155115574,0.5753316670982028,0.5342837124220847,0.8157894736842105,0.0,0.8194444444444444,0.8923611111111112,0.4041095890410959,0.9686520376175548,0.0,0.3739130434782609,nan,nan,5,16
0.8943479617436727,0.6059654631083202,0.3837781840836909,0.4302263788228692,0.3913868203306463,nan,nan,0.8884239888423989,0.0,0.4129979035639413,0.5217391304347826,0.3354564755838641,0.9724770642201835,0.0,0.0,2,16
0.9156727810700734,0.6092680358083201,0.3488829182864001,0.3508877179147275,0.3576174597753616,0.0,nan,0.701058201058201,0.0,0.5276595744680851,0.5409836065573771,0.5024271844660194,0.9464285714285714,0.0,0.0,4,16
0.8733498354752859,0.6360792492179353,0.4029758244956944,0.4492179306030775,0.41167158507528046,nan,nan,0.8237885462555066,0.0,0.6905263157894737,0.5416666666666666,0.26556016597510373,0.971830985915493,0.0,0.0,0,16
0.7322383243590593,0.7708333333333334,0.5690725841505337,0.5705310213899574,0.576007496076939,0.6927374301675978,0.0,0.6654804270462633,0.9349005424954792,0.7335766423357665,0.8876712328767123,0.0,0.6936936936936937,nan,nan,6,16
1.132904581485256,0.4690265486725664,0.3198275844598111,0.3796981537432328,0.35814696863252277,0.0,nan,0.39586206896551723,nan,0.05,0.6181818181818182,0.853763440860215,0.9473684210526315,0.0,0.0,1,17
0.706690963357687,0.7752976190476191,0.5750190397183358,0.5748593045464254,0.5846587420263911,0.7011173184357542,0.0,0.6512455516014235,0.9312839059674503,0.7664233576642335,0.8794520547945206,0.0,0.7477477477477478,nan,nan,6,17
0.8939670344193776,0.6192733017377567,0.35477553199396744,0.35779999152196446,0.36260423490991717,0.0,nan,0.7433862433862434,0.0,0.4851063829787234,0.5901639344262295,0.5072815533980582,0.9375,0.0,0.0,4,17
0.6867678100243211,0.7766220901436355,0.573453264992055,0.5668327794238687,0.5821120973294934,0.786144578313253,0.0,0.734982332155477,0.9019963702359347,0.6617647058823529,0.9114583333333334,0.0,0.6605504587155964,nan,nan,7,17
0.9131074130535126,0.6030494216614091,0.3378655152710233,0.38346290896256957,0.34536684594778666,0.0,nan,0.8713692946058091,0.0,0.46258503401360546,0.5634920634920635,0.23198198198198197,0.9788732394366197,0.0,0.0,3,17
0.870890329281489,0.6159079016221873,0.39576893138310226,0.4353449659656499,0.4018861458866029,nan,nan,0.8786610878661087,0.0,0.4444444444444444,0.5826086956521739,0.346072186836518,0.963302752293578,0.0,0.0,2,17
0.6745744459331036,0.7546134663341646,0.5445572034336228,0.5796035740406376,0.545862538544959,0.8128654970760234,0.0,0.7986111111111112,0.8836805555555556,0.4589041095890411,0.9780564263322884,0.0,0.43478260869565216,nan,nan,5,17
0.8466586013634999,0.6465067778936392,0.4157500945278843,0.4519946432497484,0.4237947112837507,nan,nan,0.8208516886930984,0.0,0.7136842105263158,0.6333333333333333,0.2717842323651452,0.9507042253521126,0.0,0.0,0,17
0.8239113847414653,0.6532846715328468,0.42279740229833607,0.4550753246107226,0.4303150427919964,nan,nan,0.8267254038179148,0.0,0.7136842105263158,0.6833333333333333,0.2821576763485477,0.9366197183098591,0.0,0.0,0,18
0.6625387901440263,0.784051510648836,0.5794908484664579,0.5735935153881733,0.5875087207658349,0.7891566265060241,0.0,0.7314487632508834,0.911070780399274,0.6911764705882353,0.9166666666666666,0.0,0.6605504587155964,nan,nan,7,18
0.8478253940741222,0.6248037676609105,0.4002869283982644,0.4392476748789148,0.4055719395385737,nan,nan,0.8758716875871687,0.0,0.4863731656184486,0.591304347826087,0.346072186836518,0.944954128440367,0.0,0.0,2,18
0.8907762467861176,0.6125131440588854,0.34687980179246947,0.38755477900632257,0.35353595162726575,0.0,nan,0.8644536652835408,0.0,0.4943310657596372,0.6031746031746031,0.240990990990991,0.9788732394366197,0.0,0.0,3,18
0.6856321450322866,0.7797619047619048,0.5805301416883063,0.580194495567645,0.5917520508324745,0.7122905027932961,0.0,0.6370106761565836,0.9258589511754068,0.7956204379562044,0.8794520547945206,0.0,0.7837837837837838,nan,nan,6,18
1.1104934811592102,0.48672566371681414,0.33331903302868654,0.3909884726505041,0.3701929599330601,0.0,nan,0.4289655172413793,nan,0.06086956521739131,0.6727272727272727,0.8516129032258064,0.9473684210526315,0.0,0.0,1,18
0.6531606372445822,0.7605985037406484,0.5538333811416518,0.5838074345962709,0.554231311380363,0.8157894736842105,0.0,0.7986111111111112,0.8836805555555556,0.4794520547945205,0.9780564263322884,0.0,0.4782608695652174,nan,nan,5,18
0.874013505379359,0.6266456029489205,0.3612942004190758,0.3608013559709052,0.36856907997784405,0.0,nan,0.7394179894179894,0.0,0.5170212765957447,0.6475409836065574,0.5024271844660194,0.9107142857142857,0.0,0.0,4,18
1.1161794470202537,0.48828735033836546,0.33660037331557274,0.39729556222855855,0.37552497620889463,0.0,nan,0.416551724137931,nan,0.05434782608695652,0.7181818181818181,0.875268817204301,0.9398496240601504,0.0,0.0,1,19
0.8693918486436208,0.6276987888362296,0.37601908299377557,0.4741273456340516,0.37784200512092336,0.0,nan,0.7288359788359788,0.0,0.49361702127659574,0.680327868852459,0.5461165048543689,0.8928571428571429,0.058823529411764705,0.0,4,19
0.8023423413435619,0.6652763295099061,0.46860673338170256,0.5874094793573874,0.4607754743044972,nan,nan,0.8223201174743024,0.0,0.7368421052631579,0.725,0.2987551867219917,0.9366197183098591,0.16666666666666666,0.0,0,19
0.8743179579575856,0.6156677181913774,0.3510420035057337,0.3898726758402859,0.3571270466034625,0.0,nan,0.8616874135546335,0.0,0.4965986394557823,0.626984126984127,0.25,0.9788732394366197,0.0,0.0,3,19
0.6331390598788857,0.7625935162094764,0.55883707861239,0.583401877942064,0.5591424837429647,0.8187134502923976,0.0,0.7881944444444444,0.8732638888888888,0.5136986301369864,0.9749216300940439,0.0,0.5043478260869565,nan,nan,5,19
0.6760239377617836,0.7767857142857143,0.5777008844913409,0.5798922995221766,0.5915889581908407,0.7150837988826816,0.0,0.5765124555160143,0.918625678119349,0.8467153284671532,0.873972602739726,0.0,0.8018018018018018,nan,nan,6,19
0.8249528408050537,0.6326530612244898,0.4100349878325006,0.4443985796856827,0.41459549238356497,nan,nan,0.8605299860529986,0.0,0.5283018867924528,0.6347826086956522,0.3481953290870488,0.944954128440367,0.0,0.0,2,19
0.6396009558811784,0.7890044576523031,0.5842900186905946,0.5792120450495248,0.5916734667790442,0.7891566265060241,0.0,0.734982332155477,0.9165154264972777,0.6985294117647058,0.9244791666666666,0.0,0.6697247706422018,nan,nan,7,19
0.6584200812503695,0.7802579365079365,0.582265862089159,0.584783732689809,0.5961276070294742,0.7150837988826816,0.0,0.5765124555160143,0.9150090415913201,0.8576642335766423,0.8849315068493151,0.0,0.8198198198198198,nan,nan,6,20
0.7849203268686931,0.6678832116788321,0.4695099720720806,0.5479245129881305,0.46396887489273964,nan,nan,0.8193832599118943,0.0,0.7473684210526316,0.75,0.2987551867219917,0.9295774647887324,0.16666666666666666,0.0,0,20
0.6167551707476377,0.7675810473815461,0.5661370859683948,0.5846292966002997,0.5669899646642644,0.8216374269005848,0.0,0.7881944444444444,0.8819444444444444,0.5102739726027398,0.9686520376175548,0.0,0.5652173913043478,nan,nan,5,20
1.0850401732229418,0.5143154606975534,0.3505742170287969,0.4037210392850379,0.3867577719337143,0.0,nan,0.5006896551724138,nan,0.058695652173913045,0.7636363636363637,0.8387096774193549,0.9323308270676691,0.0,0.0,1,20
0.6206679651513696,0.7934621099554234,0.5888318939444617,0.5832925637080236,0.5966176438766213,0.7921686746987951,0.0,0.7385159010600707,0.9201451905626135,0.7095588235294118,0.9244791666666666,0.0,0.6880733944954128,nan,nan,7,20
0.8065240403016408,0.6441653584510727,0.45823160391070616,0.5773271248972832,0.44571591385620424,nan,nan,0.8619246861924686,0.0,0.559748427672956,0.6782608695652174,0.3481953290870488,0.9357798165137615,0.18181818181818182,0.0,2,20
0.8551984409491221,0.6240799158780231,0.35987938221767624,0.39486330282856585,0.36522837663986074,0.0,nan,0.8589211618257261,0.0,0.5170068027210885,0.6825396825396826,0.25675675675675674,0.971830985915493,0.0,0.0,3,20
0.8474240263303121,0.6392838335966298,0.3861588913660988,0.4808456758013208,0.3882244157823666,0.0,nan,0.7142857142857143,0.0,0.5361702127659574,0.7377049180327869,0.5631067961165048,0.8839285714285714,0.058823529411764705,0.0,4,20
0.83089666167895,0.6471827277514481,0.40270092794689294,0.4865800728067175,0.39983518137493623,0.0,nan,0.7195767195767195,0.0,0.5446808510638298,0.7622950819672131,0.5703883495145631,0.8839285714285714,0.11764705882352941,0.0,4,21
1.0976089316029702,0.5049453409682457,0.3808080518404401,0.5319383532216482,0.40495642800499076,0.0,nan,0.4496551724137931,nan,0.05,0.7727272727272727,0.8774193548387097,0.9398496240601504,0.15,0.0,1,21
0.8434933642546336,0.6293375394321766,0.4135074432953501,0.5134462698519523,0.40048194097594236,0.0,nan,0.8658367911479945,0.0,0.5056689342403629,0.7222222222222222,0.25900900900900903,0.9788732394366197,0.2727272727272727,0.0,3,21
0.6023632222786546,0.7964338781575037,0.593136426692402,0.58642468048084,0.6019269443384474,0.7921686746987951,0.0,0.7314487632508834,0.9219600725952813,0.7205882352941176,0.9244791666666666,0.0,0.7247706422018348,nan,nan,7,21
0.7934018075466156,0.6488749345892203,0.47952368032916226,0.5813388933913237,0.4632792883776893,nan,nan,0.8633193863319386,0.0,0.559748427672956,0.7130434782608696,0.3524416135881104,0.944954128440367,0.2727272727272727,0.0,2,21
0.602009286172688,0.771072319201995,0.5701795405286209,0.586975658136712,0.5706591925859772,0.8216374269005848,0.0,0.78125,0.8871527777777778,0.523972602739726,0.9686520376175548,0.0,0.5826086956521739,nan,nan,5,21
0.7698458154996236,0.6725755995828988,0.4737147485441279,0.5498568134525388,0.4690653765386419,nan,nan,0.8149779735682819,0.0,0.7621052631578947,0.7833333333333333,0.3029045643153527,0.9225352112676056,0.16666666666666666,0.0,0,21
0.650662268511951,0.7777777777777778,0.5806805024658719,0.5870027355930425,0.5962207322301409,0.7150837988826816,0.0,0.5409252669039146,0.9077757685352622,0.8832116788321168,0.8849315068493151,0.0,0.8378378378378378,nan,nan,6,21
1.1196629904931592,0.5179593961478397,0.3845186744950554,0.5398000712121491,0.4097415103689969,0.0,nan,0.49517241379310345,nan,0.0391304347826087,0.8,0.8688172043010752,0.924812030075188,0.15,0.0,1,22
0.7758548378944397,0.6582940868655154,0.51019685010565,0.5856861020209075,0.49260763024852305,nan,nan,0.8633193863319386,0.0,0.5911949685534591,0.7478260869565218,0.3481953290870488,0.9357798165137615,0.45454545454545453,0.0,2,22
0.7544134656588236,0.6777893639207507,0.5034835322640347,0.5702171452398073,0.49289904904377513,nan,nan,0.8237885462555066,0.0,0.7494736842105263,0.7916666666666666,0.3153526970954357,0.9295774647887324,0.3333333333333333,0.0,0,22
0.8346792916456859,0.6361724500525763,0.44050796304327045,0.5158090478490762,0.42543763695779524,0.0,nan,0.8658367911479945,0.0,0.5147392290249433,0.753968253968254,0.268018018018018,0.971830985915493,0.45454545454545453,0.0,3,22
0.6364617357030511,0.779265873015873,0.5824539933899098,0.5887914041529613,0.5993776231895844,0.7150837988826816,0.0,0.5373665480427047,0.9113924050632911,0.8868613138686131,0.8794520547945206,0.0,0.8648648648648649,nan,nan,6,22
0.8076402465502421,0.6645602948920485,0.4283254279548155,0.49298322998828975,0.41855701460046063,0.0,nan,0.7407407407407407,0.0,0.5872340425531914,0.7704918032786885,0.558252427184466,0.875,0.23529411764705882,0.0,4,22
0.5851836260408163,0.8008915304606241,0.6021465549748097,0.7149676528625186,0.6086821151998276,0.7981927710843374,0.020833333333333332,0.7385159010600707,0.9274047186932849,0.7169117647058824,0.9244791666666666,0.0,0.7431192660550459,nan,nan,7,22
0.5873449193313718,0.7790523690773067,0.5792274552648469,0.5942214619190083,0.5793099495015415,0.827485380116959,0.0,0.7881944444444444,0.8819444444444444,0.565068493150685,0.9717868338557993,0.0,0.6,nan,nan,5,22
0.738870898882548,0.6830031282586028,0.5064856624963532,0.5697839362043535,0.49622631227636305,nan,nan,0.8135095447870778,0.0,0.7726315789473684,0.8,0.3278008298755187,0.9225352112676056,0.3333333333333333,0.0,0,23
0.5806212350726128,0.7790523690773067,0.5973842172197437,0.6896697579727494,0.5894226756735556,0.8304093567251462,0.08333333333333333,0.8020833333333334,0.8732638888888888,0.5513698630136986,0.9749216300940439,0.0,0.6,nan,nan,5,23
0.5707839149981737,0.804358593363051,0.6229951944622317,0.7176867474732904,0.6209949250932724,0.7981927710843374,0.10416666666666667,0.7455830388692579,0.9274047186932849,0.7132352941176471,0.9270833333333334,0.0,0.7522935779816514,nan,nan,7,23
0.627043291926384,0.7782738095238095,0.5869197598565132,0.6501797083214862,0.6016351290674997,0.7178770949720671,0.025,0.5266903914590747,0.9077757685352622,0.8941605839416058,0.8767123287671232,0.0,0.8648648648648649,nan,nan,6,23
1.0548542603369682,0.5361790733992712,0.40932893115751134,0.5314914526933696,0.4264411548497795,0.0,nan,0.5089655172413793,nan,0.08695652173913043,0.8090909090909091,0.8666666666666667,0.9398496240601504,0.2,0.0,1,23
0.755972158908844,0.6671899529042387,0.5180708830316737,0.5869948021994735,0.5013616128885838,nan,nan,0.8465829846582985,0.0,0.639412997903564,0.7913043478260869,0.3524416135881104,0.926605504587156,0.45454545454545453,0.0,2,23
0.8218739032745361,0.6424815983175605,0.44585678554082875,0.518844885553697,0.4306398093331312,0.0,nan,0.8630705394190872,0.0,0.5306122448979592,0.7857142857142857,0.27702702702702703,0.9647887323943662,0.45454545454545453,0.0,3,23
0.8021895170211792,0.6793048973143759,0.447485989325831,0.5007666191124176,0.4400758133830754,0.0,nan,0.6653439153439153,0.0,0.6702127659574468,0.7868852459016393,0.6601941747572816,0.8839285714285714,0.29411764705882354,0.0,4,23
0.5719766048714519,0.7835411471321696,0.6172757896040639,0.7044857722796991,0.6038793298914806,0.8362573099415205,0.16666666666666666,0.8055555555555556,0.8767361111111112,0.547945205479452,0.9717868338557993,0.0,0.6260869565217392,nan,nan,5,24
0.7423868755499522,0.673992673992674,0.5208310993475206,0.5870008359560063,0.5050626952484789,nan,nan,0.8410041841004184,0.0,0.6729559748427673,0.8,0.35456475583864117,0.9174311926605505,0.45454545454545453,0.0,2,24
0.7266597906748454,0.6897810218978102,0.5319787471544579,0.5806824500428951,0.5214901146375491,nan,nan,0.8105726872246696,0.0,0.7852631578947369,0.8083333333333333,0.3381742738589212,0.9295774647887324,0.5,0.0,0,24
0.818917312224706,0.6456361724500526,0.45662827232957326,0.5229762881628932,0.4418425859478816,0.0,nan,0.8741355463347165,0.0,0.5192743764172335,0.7936507936507936,0.27927927927927926,0.9647887323943662,0.5454545454545454,0.0,3,24
0.5595292942598462,0.8098068350668648,0.6484246918500541,0.7104494161583609,0.6397188697273182,0.8012048192771084,0.22916666666666666,0.7526501766784452,0.925589836660617,0.7205882352941176,0.9270833333333334,0.0,0.7614678899082569,nan,nan,7,24
1.0588144217768023,0.5439875065070275,0.41011863540053145,0.5312061594267461,0.42816003444323303,0.0,nan,0.5406896551724137,nan,0.07608695652173914,0.8363636363636363,0.8623655913978494,0.9097744360902256,0.2,0.0,1,24
0.6108615109696984,0.7822420634920635,0.5901611004292958,0.6521329164698532,0.6049931086337196,0.7206703910614525,0.025,0.5480427046263345,0.9095840867992767,0.8978102189781022,0.873972602739726,0.0,0.8648648648648649,nan,nan,6,24
0.7947859247525533,0.6819378620326487,0.48290295082332235,0.5041595982361707,0.47358350931145815,0.0,nan,0.7222222222222222,0.0,0.5829787234042553,0.7950819672131147,0.6577669902912622,0.8571428571428571,0.6470588235294118,0.0,4,24
0.7279594639937083,0.6860282574568289,0.5492179564430537,0.5779448700664647,0.5454208486356855,nan,nan,0.8242677824267782,0.0,0.7190775681341719,0.808695652173913,0.37579617834394907,0.908256880733945,0.7272727272727273,0.0,2,25
1.0842486389221684,0.5523165018219677,0.4062450778827058,0.5092915498749783,0.4269184949231556,0.0,nan,0.6289655172413793,nan,0.043478260869565216,0.8363636363636363,0.789247311827957,0.9172932330827067,0.2,0.0,1,25
0.5982356062158942,0.7857142857142857,0.5990828402645627,0.674777516035481,0.6112590175754865,0.723463687150838,0.05,0.5622775800711743,0.9095840867992767,0.8941605839416058,0.8767123287671232,0.0,0.8738738738738738,nan,nan,6,25
0.8079188505808512,0.6514195583596214,0.4684915337621547,0.521645218242489,0.4554752648272273,0.0,nan,0.8699861687413555,0.0,0.5306122448979592,0.8095238095238095,0.29504504504504503,0.9577464788732394,0.6363636363636364,0.0,3,25
0.5595347974449396,0.7920199501246883,0.6372745005530593,0.6964183589793118,0.6217751029254154,0.8391812865497076,0.25,0.8020833333333334,0.8802083333333334,0.5787671232876712,0.9717868338557993,0.0,0.6521739130434783,nan,nan,5,25
0.7825978855292003,0.6814112690889942,0.47460068081271856,0.5056109237089925,0.46263212404849363,0.0,nan,0.7288359788359788,0.0,0.5893617021276596,0.8278688524590164,0.6310679611650486,0.8571428571428571,0.5294117647058824,0.0,4,25
0.7144509732723237,0.6965589155370178,0.5330772626970497,0.572621407800425,0.5262140847411216,nan,nan,0.8149779735682819,0.0,0.7936842105263158,0.825,0.34647302904564314,0.9295774647887324,0.5,0.0,0,25
0.5480000916868448,0.816245666171372,0.6628144513203325,0.7125293268768718,0.651224069442186,0.8012048192771084,0.2916666666666667,0.7526501766784452,0.9274047186932849,0.7352941176470589,0.9401041666666666,0.0,0.7614678899082569,nan,nan,7,25
0.7919522146383922,0.658254468980021,0.4636968722905493,0.522163817313869,0.4482597933260415,0.0,nan,0.8699861687413555,0.0,0.5487528344671202,0.8015873015873016,0.3108108108108108,0.9577464788732394,0.5454545454545454,0.0,3,26
1.1116220393488485,0.5491931285788652,0.40602655510497576,0.5044921096207982,0.43012669830388095,0.0,nan,0.616551724137931,nan,0.03260869565217391,0.8363636363636363,0.810752688172043,0.8947368421052632,0.25,0.0,1,26
0.5399567894637585,0.8182268449727588,0.6745645959736619,0.7161652187573924,0.6618819503617799,0.8012048192771084,0.375,0.7314487632508834,0.9274047186932849,0.7610294117647058,0.9375,0.0,0.7614678899082569,nan,nan,7,26
0.7049114882946015,0.6949947862356621,0.5353191716338553,0.5639449960079599,0.534427298330271,nan,nan,0.8135095447870778,0.0,0.7936842105263158,0.825,0.34439834024896265,0.9154929577464789,0.5833333333333334,0.0,0,26
0.7858763138453165,0.6787783043707214,0.4859274548325192,0.5098659484876962,0.4765714018692208,0.0,nan,0.7288359788359788,0.0,0.5361702127659574,0.8524590163934426,0.6674757281553398,0.8571428571428571,0.6470588235294118,0.0,4,26
0.5884407069534063,0.7901785714285714,0.6301501971604899,0.7042975300803036,0.6311408169335733,0.729050279329609,0.2,0.5693950177935944,0.9095840867992767,0.8905109489051095,0.8767123287671232,0.0,0.8738738738738738,nan,nan,6,26
0.7185659348964691,0.6923076923076923,0.5598011642410011,0.5792404484621989,0.5599636182895342,nan,nan,0.8200836820083682,0.0,0.7274633123689728,0.808695652173913,0.3970276008492569,0.908256880733945,0.8181818181818182,0.0,2,26
0.5480387322604656,0.799501246882793,0.652118794308007,0.7046695586942106,0.6357304408423015,0.8450292397660819,0.3055555555555556,0.8055555555555556,0.8784722222222222,0.613013698630137,0.9686520376175548,0.0,0.6695652173913044,nan,nan,5,26
1.0648798519565212,0.5632483081728267,0.4111246278296119,0.5008685008685009,0.43481748404346104,0.0,nan,0.6151724137931035,nan,0.06521739130434782,0.8636363636363636,0.832258064516129,0.9022556390977443,0.2,0.0,1,27
0.7819062729676565,0.6614090431125131,0.4727561307768856,0.5224882001392862,0.4594814321535645,0.0,nan,0.8644536652835408,0.0,0.5691609977324263,0.8015873015873016,0.3130630630630631,0.9507042253521126,0.6363636363636364,0.0,3,27
0.7145598868529002,0.6949241234955521,0.5631906992843161,0.5841194968107383,0.5619123285929124,nan,nan,0.8354253835425384,0.0,0.7023060796645703,0.8347826086956521,0.40552016985138006,0.8990825688073395,0.8181818181818182,0.0,2,27
0.575906497426331,0.7961309523809523,0.6530320260162213,0.712078141992272,0.6496608958624825,0.729050279329609,0.325,0.5907473309608541,0.9113924050632911,0.8905109489051095,0.8767123287671232,0.0,0.8738738738738738,nan,nan,6,27
0.5413565607741475,0.8049875311720698,0.6729350651296966,0.7095264653853427,0.6573313996680435,0.847953216374269,0.4444444444444444,0.8020833333333334,0.875,0.6335616438356164,0.9686520376175548,0.0,0.6869565217391305,nan,nan,5,27
0.7760907193024953,0.6877303844128488,0.4968617249727552,0.5153313885245017,0.49104245118198503,0.0,nan,0.6984126984126984,0.0,0.5723404255319149,0.860655737704918,0.7160194174757282,0.8660714285714286,0.7058823529411765,0.0,4,27
0.5321178184822202,0.8197127290737989,0.679453173291876,0.7097141159506584,0.6683357332651888,0.8012048192771084,0.4166666666666667,0.7314487632508834,0.925589836660617,0.7610294117647058,0.9401041666666666,0.0,0.7706422018348624,nan,nan,7,27
0.6973131239414215,0.6976016684045881,0.5517749573975617,0.5724693056171164,0.557215170219721,nan,nan,0.8061674008810573,0.0,0.8021052631578948,0.8333333333333334,0.3506224066390041,0.9154929577464789,0.75,0.0,0,27
0.6904886702696482,0.700208550573514,0.5570495846093828,0.5702887471900394,0.5706318639043229,nan,nan,0.7988252569750367,0.0,0.8126315789473684,0.85,0.35477178423236516,0.9154929577464789,0.8333333333333334,0.0,0,28
0.5251173479482532,0.8241703813769192,0.6923266711255363,0.7106586520353153,0.6835626228788166,0.7981927710843374,0.5208333333333334,0.7385159010600707,0.9274047186932849,0.7610294117647058,0.9427083333333334,0.0,0.7798165137614679,nan,nan,7,28
0.5383195793256164,0.8039900249376558,0.6708888772546717,0.7073377978490023,0.6555568233157254,0.8538011695906432,0.4444444444444444,0.8020833333333334,0.8697916666666666,0.6267123287671232,0.9780564263322884,0.0,0.6695652173913044,nan,nan,5,28
0.7715382933616638,0.6624605678233438,0.4733051366785815,0.5196074017607096,0.4594367039918635,0.0,nan,0.8630705394190872,0.0,0.5555555555555556,0.7936507936507936,0.3355855855855856,0.9507042253521126,0.6363636363636364,0.0,3,28
1.125989931245004,0.5554398750650703,0.4169596835605799,0.5128634946109074,0.44365523955328795,0.0,nan,0.6110344827586207,nan,0.02608695652173913,0.8636363636363636,0.8387096774193549,0.9097744360902256,0.3,0.0,1,28
0.7669929623603821,0.6898367561874671,0.49503590547285825,0.5088361962097916,0.4920410983967389,0.0,nan,0.6865079365079365,0.0,0.5914893617021276,0.8770491803278688,0.7281553398058253,0.8392857142857143,0.7058823529411765,0.0,4,28
0.5644794721156359,0.8005952380952381,0.6698424105826395,0.7056688046652595,0.6676535510593699,0.7318435754189944,0.45,0.597864768683274,0.9095840867992767,0.8868613138686131,0.8821917808219178,0.0,0.8828828828828829,nan,nan,6,28
0.7049620985984802,0.6980638409209837,0.5653122989634143,0.585291327308755,0.565461959707504,nan,nan,0.8298465829846583,0.0,0.7337526205450734,0.8521739130434782,0.39065817409766457,0.8990825688073395,0.8181818181818182,0.0,2,28
0.701343775788943,0.6975405546834118,0.5855636828076896,0.7037760712812045,0.5787854260801806,nan,nan,0.8368200836820083,0.0,0.7044025157232704,0.8521739130434782,0.4012738853503185,0.9174311926605505,0.8181818181818182,0.1,2,29
0.5187437860295177,0.826151560178306,0.6934473458619477,0.7110468187065169,0.6854045159851747,0.8042168674698795,0.5208333333333334,0.7314487632508834,0.9274047186932849,0.7794117647058824,0.9401041666666666,0.0,0.7798165137614679,nan,nan,7,29
0.7745112280050913,0.6645636172450052,0.5042005842167773,0.6350790864395971,0.48887272537611637,0.0,nan,0.8658367911479945,0.0,0.5532879818594104,0.8015873015873016,0.3333333333333333,0.9507042253521126,0.8181818181818182,0.07692307692307693,3,29
0.5551408026367426,0.8020833333333334,0.6718975840513008,0.7083239414807575,0.6684762001111907,0.7318435754189944,0.45,0.5907473309608541,0.9095840867992767,0.8868613138686131,0.8958904109589041,0.0,0.8828828828828829,nan,nan,6,29
0.5353235732764006,0.8029925187032418,0.6731902079901018,0.7081568990294937,0.658166935568389,0.8538011695906432,0.4722222222222222,0.8020833333333334,0.8663194444444444,0.6232876712328768,0.9780564263322884,0.0,0.6695652173913044,nan,nan,5,29
0.7442670643329621,0.7109004739336493,0.5279441056644666,0.6253451661040127,0.5123287440590775,0.0,nan,0.7407407407407407,0.0,0.625531914893617,0.8770491803278688,0.6796116504854369,0.8571428571428571,0.7058823529411765,0.125,4,29
0.6821782201528549,0.705422314911366,0.5637740072634919,0.5791223318020897,0.5729144513021317,nan,nan,0.8046989720998532,0.0,0.8084210526315789,0.85,0.37136929460580914,0.9154929577464789,0.8333333333333334,0.0,0,29
1.0383183321645182,0.5637688703800104,0.445098603811552,0.5341473026232079,0.46567334890037393,0.0,nan,0.5793103448275863,nan,0.07608695652173914,0.9,0.8602150537634409,0.9097744360902256,0.4,0.0,1,29
0.9630860590165661,0.6007287870900573,0.49101342759246713,0.6511234962221257,0.49054079420997726,0.0,nan,0.7062068965517241,nan,0.12608695652173912,0.9,0.7655913978494624,0.9097744360902256,0.35,0.16666666666666666,1,30
0.530073856934905,0.8069825436408977,0.6812537717572456,0.7122399475058814,0.6672125188115998,0.8654970760233918,0.5277777777777778,0.7986111111111112,0.8680555555555556,0.6301369863013698,0.9780564263322884,0.0,0.6695652173913044,nan,nan,5,30
0.7665410081545512,0.668769716088328,0.5074128767335487,0.6327429917896907,0.4919908617189118,0.0,nan,0.8589211618257261,0.0,0.5555555555555556,0.8095238095238095,0.3581081081081081,0.9507042253521126,0.8181818181818182,0.07692307692307693,3,30
0.6962833295265833,0.7012035583464155,0.5927703400212412,0.7127302776347127,0.5810040583309465,nan,nan,0.8312412831241283,0.0,0.7064989517819706,0.8521739130434782,0.42250530785562634,0.9174311926605505,0.8181818181818182,0.1,2,30
0.5128769930452108,0.8286280336800397,0.7021215660839819,0.7141557219976443,0.696400574567352,0.8102409638554217,0.6041666666666666,0.7279151943462897,0.9274047186932849,0.7867647058823529,0.9348958333333334,0.0,0.7798165137614679,nan,nan,7,30
0.7472734987735749,0.7040547656661401,0.5203815213331964,0.5617021761672482,0.5111888549098915,0.0,nan,0.701058201058201,0.0,0.6276595744680851,0.860655737704918,0.7233009708737864,0.8571428571428571,0.7058823529411765,0.125,4,30
0.6766446183125178,0.7122002085505735,0.5670256364519283,0.581092037301904,0.5767105946482316,nan,nan,0.7973568281938326,0.0,0.8336842105263158,0.85,0.38381742738589214,0.9154929577464789,0.8333333333333334,0.0,0,30
0.5416773287579417,0.8095238095238095,0.6863864033771193,0.7110638503973494,0.6846777794057524,0.7374301675977654,0.55,0.6120996441281139,0.9168173598553345,0.8795620437956204,0.8986301369863013,0.0,0.8828828828828829,nan,nan,6,30
0.7536105692386628,0.6756046267087277,0.5111549676317597,0.6369366136395505,0.4961977530034558,0.0,nan,0.8547717842323651,0.0,0.5986394557823129,0.8174603174603174,0.3490990990990991,0.9507042253521126,0.8181818181818182,0.07692307692307693,3,31
1.0095585430822065,0.5767829255596044,0.49206549996207816,0.6636091476241238,0.49674858107900605,0.0,nan,0.5986206896551725,nan,0.09565217391304348,0.8909090909090909,0.8623655913978494,0.9097744360902256,0.45,0.16666666666666666,1,31
0.5402922630310059,0.8045634920634921,0.6837325499493414,0.7052321356580923,0.6840035413448358,0.7374301675977654,0.575,0.5907473309608541,0.9077757685352622,0.8795620437956204,0.8986301369863013,0.0,0.8828828828828829,nan,nan,6,31
0.7427537540594736,0.7030015797788309,0.5215849745530156,0.5638642196111286,0.5136782750205222,0.0,nan,0.6746031746031746,0.0,0.6319148936170212,0.8688524590163934,0.7597087378640777,0.8571428571428571,0.7058823529411765,0.125,4,31
0.5287244152277708,0.8089775561097257,0.6866982264420481,0.7153347952684302,0.6735099800980799,0.8654970760233918,0.5833333333333334,0.7986111111111112,0.875,0.6267123287671232,0.9780564263322884,0.0,0.6608695652173913,nan,nan,5,31
0.5073674814775586,0.8315998018821199,0.7100375290251946,0.7190426035659085,0.7054368885449771,0.8042168674698795,0.6666666666666666,0.7243816254416962,0.9237749546279492,0.7941176470588235,0.9505208333333334,0.0,0.7798165137614679,nan,nan,7,31
0.66944793065389,0.7148070907194994,0.5658679459059541,0.5741087261496218,0.5787743185326314,nan,nan,0.7973568281938326,0.0,0.8252631578947368,0.8583333333333333,0.4004149377593361,0.9154929577464789,0.8333333333333334,0.0,0,31
0.6877928207317988,0.7043432757718472,0.591423092307342,0.648293140251719,0.5815639681933467,nan,nan,0.8214783821478382,0.0,0.7232704402515723,0.8347826086956521,0.43736730360934184,0.9174311926605505,0.8181818181818182,0.1,2,31
0.5364546421915293,0.8045634920634921,0.6842713397055237,0.7066756352083507,0.6846848276133106,0.7374301675977654,0.575,0.5871886120996441,0.9077757685352622,0.8795620437956204,0.8986301369863013,0.0,0.8918918918918919,nan,nan,6,32
0.5209266543388367,0.8104738154613467,0.6911066898858998,0.7173724553968808,0.6789879083413604,0.8625730994152047,0.6111111111111112,0.8020833333333334,0.8715277777777778,0.636986301369863,0.9780564263322884,0.0,0.6695652173913044,nan,nan,5,32
0.6837754954894384,0.705913134484563,0.5857726689799432,0.6177606671422728,0.5814608806289057,nan,nan,0.8228730822873083,0.0,0.7148846960167715,0.8260869565217391,0.45222929936305734,0.9174311926605505,0.8181818181818182,0.1,2,32
0.6658144980669022,0.713764337851929,0.6069606747930694,0.7002918904794095,0.6028409234348554,nan,nan,0.8002936857562408,0.0,0.8231578947368421,0.8583333333333333,0.3921161825726141,0.9154929577464789,0.8333333333333334,0.2,0,32
0.5026865741237998,0.8311045071817732,0.7117316306941501,0.717798221654242,0.7097889759384405,0.8072289156626506,0.6875,0.7137809187279152,0.9219600725952813,0.7977941176470589,0.9427083333333334,0.0,0.8073394495412844,nan,nan,7,32
0.7362548391024272,0.6829652996845426,0.5217945744902953,0.6377319089842097,0.5118633486802389,0.0,nan,0.8298755186721992,0.0,0.6530612244897959,0.8174603174603174,0.36261261261261263,0.9577464788732394,0.9090909090909091,0.07692307692307693,3,32
0.8987607782886874,0.6059344091618949,0.518627711069332,0.6654627380102343,0.5116649901765101,0.0,nan,0.6151724137931035,nan,0.20869565217391303,0.9,0.843010752688172,0.9097744360902256,0.45,0.16666666666666666,1,32
0.745579187075297,0.6945760926803581,0.5169157126856784,0.5612731095624895,0.5079887175251848,0.0,nan,0.701058201058201,0.0,0.5680851063829787,0.860655737704918,0.7451456310679612,0.8660714285714286,0.7058823529411765,0.125,4,32
0.6620971957842509,0.718978102189781,0.6394283510769703,0.7023830501606636,0.6291538048727803,nan,nan,0.8046989720998532,0.0,0.8168421052631579,0.85,0.41286307053941906,0.9154929577464789,0.8333333333333334,0.4,0,33
0.5284580234438181,0.810515873015873,0.6931235912035929,0.7104427045349702,0.6930459426751626,0.7402234636871509,0.625,0.608540925266904,0.9168173598553345,0.8613138686131386,0.9095890410958904,0.0,0.8828828828828829,nan,nan,6,33
0.7414887706438701,0.6787592008412198,0.5329282835639715,0.6382569512224813,0.5164364045402698,0.0,nan,0.8464730290456431,0.0,0.6122448979591837,0.8174603174603174,0.3581081081081081,0.9507042253521126,0.9090909090909091,0.15384615384615385,3,33
0.9366274399142112,0.5825091098386257,0.5029545085532492,0.6606033215935603,0.5023843482394141,0.0,nan,0.5737931034482758,nan,0.15217391304347827,0.9,0.8666666666666667,0.9097744360902256,0.45,0.16666666666666666,1,33
0.6795116782188415,0.7085295656724229,0.5885521653453605,0.6499367699628785,0.5747025272401911,nan,nan,0.8158995815899581,0.0,0.7316561844863732,0.8347826086956521,0.45222929936305734,0.9357798165137615,0.7272727272727273,0.1,2,33
0.7190614322821299,0.727751448130595,0.5332467675012422,0.5726456163141083,0.5237574983638577,0.0,nan,0.7208994708994709,0.0,0.6872340425531915,0.9016393442622951,0.7160194174757282,0.8571428571428571,0.7058823529411765,0.125,4,33
0.5211431169882417,0.8089775561097257,0.6925461423549861,0.7169246461752481,0.6813065304173838,0.8654970760233918,0.6388888888888888,0.7951388888888888,0.8663194444444444,0.636986301369863,0.9780564263322884,0.0,0.6695652173913044,nan,nan,5,33
0.5010581305250525,0.8320950965824666,0.7137649644199016,0.7186045503965848,0.7127361781389314,0.8072289156626506,0.7083333333333334,0.7173144876325088,0.9237749546279492,0.7977941176470589,0.9401041666666666,0.0,0.8073394495412844,nan,nan,7,33
0.6560841917991638,0.7247132429614181,0.6443443905032127,0.7070705686612987,0.6335782757231282,nan,nan,0.7988252569750367,0.0,0.8315789473684211,0.85,0.42531120331950206,0.9295774647887324,0.8333333333333334,0.4,0,34
0.7290915330251058,0.717219589257504,0.5295183816086753,0.57360907288333,0.5197936361321226,0.0,nan,0.7354497354497355,0.0,0.5914893617021276,0.9180327868852459,0.7451456310679612,0.8571428571428571,0.7058823529411765,0.125,4,34
0.4939626781269908,0.8340762753838534,0.71566798088914,0.7214697827035443,0.7135765221456134,0.8132530120481928,0.7083333333333334,0.7102473498233216,0.9274047186932849,0.7941176470588235,0.9479166666666666,0.0,0.8073394495412844,nan,nan,7,34
0.6820867339769999,0.7038199895342753,0.6105551378048459,0.6543225858910218,0.5948179837625607,nan,nan,0.8340306834030683,0.0,0.7064989517819706,0.8260869565217391,0.4288747346072187,0.9357798165137615,0.7272727272727273,0.3,2,34
0.5303104408085346,0.8059850374064838,0.6868922345390533,0.7164679410501686,0.6746237489381225,0.8742690058479532,0.6111111111111112,0.8090277777777778,0.8680555555555556,0.5924657534246576,0.9811912225705329,0.0,0.6608695652173913,nan,nan,5,34
0.9306527376174927,0.5939614783966684,0.5556458366401282,0.6723944304515265,0.5442129775464615,0.0,nan,0.623448275862069,nan,0.14565217391304347,0.8818181818181818,0.843010752688172,0.9097744360902256,0.45,0.5,1,34
0.7285747607549031,0.6903259726603576,0.5400882244910225,0.643042759274122,0.5243026167382819,0.0,nan,0.8284923928077456,0.0,0.6666666666666666,0.8174603174603174,0.3783783783783784,0.9647887323943662,0.9090909090909091,0.15384615384615385,3,34
0.5299463653936982,0.8100198412698413,0.6982182258230909,0.7150520518653016,0.7011400250306523,0.7346368715083799,0.675,0.5871886120996441,0.9095840867992767,0.8832116788321168,0.9095890410958904,0.0,0.9099099099099099,nan,nan,6,34
0.7186306377251943,0.7235387045813586,0.5511798564873825,0.5918316193333603,0.5374566293212221,0.0,nan,0.7182539682539683,0.0,0.6574468085106383,0.8934426229508197,0.7281553398058253,0.8839285714285714,0.7058823529411765,0.25,4,35
0.9072054912967067,0.5929203539823009,0.5233654487062418,0.6732417904664008,0.5172240215112826,0.0,nan,0.5379310344827586,nan,0.2326086956521739,0.9090909090909091,0.8817204301075269,0.9097744360902256,0.5,0.16666666666666666,1,35
0.7295870880285898,0.6861198738170347,0.5373614960591819,0.6417271915166791,0.5202761992066283,0.0,nan,0.8478561549100968,0.0,0.6122448979591837,0.8095238095238095,0.38513513513513514,0.9647887323943662,0.9090909090909091,0.15384615384615385,3,35
0.5178948864340782,0.8134663341645886,0.6946182062278348,0.7213612171116421,0.6824881850603792,0.868421052631579,0.6388888888888888,0.8020833333333334,0.8767361111111112,0.6404109589041096,0.9811912225705329,0.0,0.6521739130434783,nan,nan,5,35
0.6511146436134975,0.7273201251303442,0.6367997742905425,0.6648202898992193,0.6343941102489115,nan,nan,0.7958883994126285,0.0,0.8252631578947368,0.85,0.44813278008298757,0.9225352112676056,0.8333333333333334,0.4,0,35
0.4912395803257823,0.8350668647845468,0.7198533599647317,0.7211098883494349,0.7217794597310732,0.8132530120481928,0.7708333333333334,0.7067137809187279,0.9219600725952813,0.8088235294117647,0.9453125,0.0,0.8073394495412844,nan,nan,7,35
0.5195733560249209,0.8129960317460317,0.7013274499323903,0.7160002080652297,0.7042835641292166,0.7374301675977654,0.7,0.5907473309608541,0.9150090415913201,0.8868613138686131,0.9123287671232877,0.0,0.8918918918918919,nan,nan,6,35
0.673658749461174,0.7095761381475667,0.6330365790948334,0.6653659613385341,0.6220317037730069,nan,nan,0.8186889818688982,0.0,0.7316561844863732,0.8260869565217391,0.445859872611465,0.9357798165137615,0.8181818181818182,0.4,2,35
0.8555690511580436,0.6236335242061426,0.5914796974795848,0.6752122337400818,0.5773082132863627,0.0,nan,0.5806896551724138,nan,0.30869565217391304,0.9090909090909091,0.8602150537634409,0.9097744360902256,0.55,0.5,1,36
0.7209978461265564,0.6913774973711883,0.5412693406758813,0.6443161928881553,0.5249382341492401,0.0,nan,0.8354080221300139,0.0,0.6485260770975056,0.8253968253968254,0.38738738738738737,0.9647887323943662,0.9090909090909091,0.15384615384615385,3,36
0.6694260547558467,0.7137624280481424,0.6328091392098716,0.6756208317484207,0.612864477091516,nan,nan,0.8214783821478382,0.0,0.7379454926624738,0.8260869565217391,0.4543524416135881,0.9357798165137615,0.7272727272727273,0.4,2,36
0.6473952104647954,0.7288842544316997,0.6470340409603852,0.7070474862157661,0.6354048626254476,nan,nan,0.8061674008810573,0.0,0.8147368421052632,0.8583333333333333,0.44813278008298757,0.9225352112676056,0.8333333333333334,0.4,0,36
0.5229500895366073,0.8125,0.6277946871446765,0.6386109035041028,0.6338766048938685,0.7346368715083799,0.75,0.5871886120996441,0.9077757685352622,0.8905109489051095,0.9068493150684932,0.0,0.9279279279279279,nan,nan,6,36
0.7019657075405121,0.7282780410742496,0.5552836783823729,0.5940669152581393,0.5427364098781728,0.0,nan,0.6917989417989417,0.0,0.7191489361702128,0.9016393442622951,0.7233009708737864,0.8928571428571429,0.7058823529411765,0.25,4,36
0.4861234864220023,0.8370480435859337,0.7216945972221797,0.7220939347724169,0.7239865708830056,0.8192771084337349,0.7708333333333334,0.7173144876325088,0.9237749546279492,0.8014705882352942,0.9427083333333334,0.0,0.8165137614678899,nan,nan,7,36
0.5162925850600004,0.8134663341645886,0.6962536667180406,0.7212577387891371,0.6847498832525292,0.8742690058479532,0.6388888888888888,0.7951388888888888,0.8732638888888888,0.636986301369863,0.9811912225705329,0.0,0.6782608695652174,nan,nan,5,36
0.481768224388361,0.836552748885587,0.7224746802157994,0.7235753507199585,0.7242466578454065,0.8132530120481928,0.7708333333333334,0.7102473498233216,0.9219600725952813,0.8014705882352942,0.9505208333333334,0.0,0.8256880733944955,nan,nan,7,37
0.5187990348786116,0.8124688279301746,0.6931305833152261,0.7205677937792605,0.6809905137164818,0.8771929824561403,0.6388888888888888,0.7986111111111112,0.875,0.6335616438356164,0.9811912225705329,0.0,0.6434782608695652,nan,nan,5,37
0.8890798245706866,0.6064549713690786,0.5800265901370169,0.6765306353775573,0.5700525394370703,0.0,nan,0.5806896551724138,nan,0.21956521739130436,0.9272727272727272,0.8731182795698925,0.9097744360902256,0.55,0.5,1,37
0.7228408922751745,0.695583596214511,0.5434743051150689,0.6483688314062706,0.5265010426177984,0.0,nan,0.8506224066390041,0.0,0.63718820861678,0.8333333333333334,0.38963963963963966,0.9647887323943662,0.9090909090909091,0.15384615384615385,3,37
0.7075029055277506,0.7266982622432859,0.5519050011787243,0.5927519730026599,0.5375483108773389,0.0,nan,0.7380952380952381,0.0,0.6425531914893617,0.8852459016393442,0.7233009708737864,0.8928571428571429,0.7058823529411765,0.25,4,37
0.6434277792771658,0.7340980187695516,0.6403824687088508,0.6683752771618501,0.6377839869137485,nan,nan,0.8076358296622613,0.0,0.8273684210526315,0.85,0.45435684647302904,0.9295774647887324,0.8333333333333334,0.4,0,37
0.51817069016397,0.816468253968254,0.6342253257374675,0.6415611275640354,0.6420076899810238,0.7346368715083799,0.825,0.5871886120996441,0.9204339963833634,0.8795620437956204,0.9123287671232877,0.0,0.918918918918919,nan,nan,6,37
0.6697002043326695,0.7132391418105704,0.6533250190479768,0.6750759409274261,0.6494840732514291,nan,nan,0.8284518828451883,0.0,0.7316561844863732,0.8260869565217391,0.43736730360934184,0.9541284403669725,0.8181818181818182,0.6,2,37
0.8678713287076643,0.5882352941176471,0.6020330280196843,0.6908558687566779,0.597575943592268,0.0,nan,0.3682758620689655,nan,0.43478260869565216,0.8909090909090909,0.9118279569892473,0.924812030075188,0.75,0.5,1,38
0.7189674894014995,0.6997896950578338,0.5458157712002821,0.64774508406139,0.5285945070704805,0.0,nan,0.8492392807745505,0.0,0.6303854875283447,0.8333333333333334,0.4166666666666667,0.9647887323943662,0.9090909090909091,0.15384615384615385,3,38
0.6655821055173874,0.716902145473574,0.6511811563297201,0.6547993973386712,0.6623852405039158,nan,nan,0.8214783821478382,0.0,0.7337526205450734,0.808695652173913,0.46284501061571126,0.9541284403669725,0.8181818181818182,0.7,2,38
0.5071042729541659,0.8159722222222222,0.6358504049519086,0.640625121486683,0.6448719373495179,0.7374301675977654,0.85,0.597864768683274,0.9113924050632911,0.8759124087591241,0.9123287671232877,0.0,0.918918918918919,nan,nan,6,38
0.5146612292155623,0.8139650872817955,0.6966229020989376,0.7219840010174341,0.6854440705537805,0.8713450292397661,0.6666666666666666,0.7986111111111112,0.875,0.6472602739726028,0.9811912225705329,0.0,0.6434782608695652,nan,nan,5,38
0.48046586010605097,0.8400198117880139,0.7259989545043433,0.7262911033819873,0.72844468460602,0.8132530120481928,0.7916666666666666,0.7102473498233216,0.9310344827586207,0.8051470588235294,0.9505208333333334,0.0,0.8256880733944955,nan,nan,7,38
0.7003167072931925,0.731437598736177,0.5582647135769296,0.5976949768041853,0.5464062214601938,0.0,nan,0.6838624338624338,0.0,0.7170212765957447,0.9180327868852459,0.75,0.8928571428571429,0.7058823529411765,0.25,4,38
0.6405676861604055,0.7356621480709072,0.6625816441201302,0.6805749716694716,0.6630638462216596,nan,nan,0.8120411160058737,0.0,0.8210526315789474,0.85,0.45850622406639,0.9295774647887324,0.8333333333333334,0.6,0,38
0.636898222565651,0.7419186652763295,0.6662322247393102,0.682685345267457,0.6660128490273559,nan,nan,0.8149779735682819,0.0,0.8147368421052632,0.85,0.4854771784232365,0.9295774647887324,0.8333333333333334,0.6,0,39
0.8823756748630155,0.5804268610098907,0.5904275737899148,0.6815731987727736,0.5903914676484218,0.0,nan,0.42344827586206896,nan,0.3130434782608696,0.9,0.9118279569892473,0.924812030075188,0.75,0.5,1,39
0.4759166296571493,0.841505695889054,0.7278861405924679,0.7285810335560541,0.7297522582447515,0.8132530120481928,0.7916666666666666,0.7173144876325088,0.9292196007259528,0.8051470588235294,0.9557291666666666,0.0,0.8256880733944955,nan,nan,7,39
0.7054074903329214,0.7230121116377041,0.5535281343864248,0.5961918849076687,0.5404556356251379,0.0,nan,0.705026455026455,0.0,0.6446808510638298,0.9262295081967213,0.7572815533980582,0.875,0.7058823529411765,0.25,4,39
0.513942789286375,0.8184538653366583,0.7005558464163097,0.7281913962924416,0.6888153171339122,0.8801169590643275,0.6944444444444444,0.7881944444444444,0.8697916666666666,0.7054794520547946,0.9811912225705329,0.0,0.591304347826087,nan,nan,5,39
0.7060600250959397,0.7066246056782335,0.5498770659802588,0.6473702162827518,0.5335217887711271,0.0,nan,0.8257261410788381,0.0,0.673469387755102,0.8333333333333334,0.44144144144144143,0.9647887323943662,0.9090909090909091,0.15384615384615385,3,39
0.5115939807146788,0.8184523809523809,0.6377775251816825,0.6439193310310707,0.6473024267454556,0.7374301675977654,0.85,0.5871886120996441,0.918625678119349,0.8832116788321168,0.9123287671232877,0.0,0.9369369369369369,nan,nan,6,39
0.6638781954844792,0.7184720041862899,0.6579671220916118,0.6771342614713842,0.6526315732143199,nan,nan,0.8256624825662483,0.0,0.7337526205450734,0.8173913043478261,0.46284501061571126,0.9541284403669725,0.7272727272727273,0.7,2,39
0.5049127005040646,0.8239401496259352,0.7100847155620755,0.732648740719295,0.6995038263325093,0.8801169590643275,0.7222222222222222,0.7951388888888888,0.8836805555555556,0.6815068493150684,0.9811912225705329,0.0,0.6521739130434783,nan,nan,5,40
0.6641500333944956,0.716902145473574,0.6529576041212899,0.6819719505671779,0.6399205956995258,nan,nan,0.8326359832635983,0.0,0.7253668763102725,0.8347826086956521,0.4543524416135881,0.944954128440367,0.7272727272727273,0.6,2,40
0.6357289572556813,0.7413972888425443,0.6721992031942793,0.6856974888825061,0.6773300084386247,nan,nan,0.8032305433186491,0.0,0.8315789473684211,0.8583333333333333,0.47925311203319504,0.9295774647887324,0.9166666666666666,0.6,0,40
0.47214749455451965,0.841505695889054,0.7281521989395147,0.7292109478742665,0.7297857287350236,0.8162650602409639,0.7916666666666666,0.7137809187279152,0.9274047186932849,0.8051470588235294,0.9583333333333334,0.0,0.8256880733944955,nan,nan,7,40
0.4990743501111865,0.8174603174603174,0.6362272074860849,0.6408847507493429,0.6447657890747942,0.7402234636871509,0.85,0.597864768683274,0.9222423146473779,0.8613138686131386,0.9123287671232877,0.0,0.918918918918919,nan,nan,6,40
0.6972140461206436,0.7155625657202944,0.5545432549129746,0.6495397446767647,0.5383673772958305,0.0,nan,0.8174273858921162,0.0,0.6893424036281179,0.8333333333333334,0.4774774774774775,0.9647887323943662,0.9090909090909091,0.15384615384615385,3,40
0.6971713741620381,0.7303844128488678,0.5545437980740884,0.581000749875784,0.5443591620713082,0.0,nan,0.7103174603174603,0.0,0.6617021276595745,0.9098360655737705,0.7597087378640777,0.9017857142857143,0.7058823529411765,0.25,4,40
0.8603041941119779,0.5908381051535658,0.598008127844601,0.6891934680053091,0.5902503493253703,0.0,nan,0.41517241379310343,nan,0.3739130434782609,0.8909090909090909,0.9096774193548387,0.9323308270676691,0.7,0.5,1,40
0.857046527247275,0.601249349297241,0.5986190711555415,0.6759609149231248,0.6032677201380127,0.0,nan,0.4317241379310345,nan,0.3869565217391304,0.9272727272727272,0.9053763440860215,0.924812030075188,0.75,0.5,1,41
0.5011438578367233,0.8229426433915212,0.7088863343051339,0.7306254938453999,0.6986213094951904,0.8830409356725146,0.7222222222222222,0.7951388888888888,0.8836805555555556,0.6746575342465754,0.9780564263322884,0.0,0.6521739130434783,nan,nan,5,41
0.6927630106608073,0.731437598736177,0.5543610656269613,0.5806587407705124,0.5448893442596309,0.0,nan,0.6970899470899471,0.0,0.6893617021276596,0.9180327868852459,0.7597087378640777,0.8839285714285714,0.7058823529411765,0.25,4,41
0.6989158829053242,0.7145110410094637,0.5517373454951464,0.6119921407024997,0.5365422818133551,0.0,nan,0.8271092669432918,0.0,0.6666666666666666,0.8253968253968254,0.481981981981982,0.9647887323943662,0.9090909090909091,0.15384615384615385,3,41
0.657979013522466,0.7252747252747253,0.6599611358160573,0.6676600078911237,0.6669777827821142,nan,nan,0.8284518828451883,0.0,0.7463312368972747,0.8173913043478261,0.4713375796178344,0.9541284403669725,0.8181818181818182,0.7,2,41
0.46876436471939087,0.8400198117880139,0.7264421969072756,0.7266888659125559,0.7282905289747303,0.8162650602409639,0.7916666666666666,0.7173144876325088,0.9292196007259528,0.7904411764705882,0.9557291666666666,0.0,0.8256880733944955,nan,nan,7,41
0.6335744231939315,0.7445255474452555,0.674229327380115,0.6880205803050983,0.6790446320247799,nan,nan,0.8120411160058737,0.0,0.8273684210526315,0.8583333333333333,0.48132780082987553,0.9366197183098591,0.9166666666666666,0.6,0,41
0.5054716626182199,0.8174603174603174,0.6370635552038968,0.6427431614672083,0.6469106800395953,0.7374301675977654,0.85,0.5836298932384342,0.9150090415913201,0.8868613138686131,0.9123287671232877,0.0,0.9369369369369369,nan,nan,6,41
0.6272608369588852,0.7539103232533889,0.6795261597404647,0.6916101774681847,0.6837862879368926,nan,nan,0.8076358296622613,0.0,0.8315789473684211,0.85,0.520746887966805,0.9436619718309859,0.9166666666666666,0.6,0,42
0.5042247660458088,0.8254364089775561,0.7119677084585458,0.7345027736720959,0.7017018060740883,0.8801169590643275,0.75,0.7986111111111112,0.8958333333333334,0.6643835616438356,0.9811912225705329,0.0,0.6434782608695652,nan,nan,5,42
0.8782703607313095,0.5897969807391983,0.595270116967168,0.6881222943778291,0.589839719428205,0.0,nan,0.44275862068965516,nan,0.31956521739130433,0.9272727272727272,0.9118279569892473,0.9172932330827067,0.7,0.5,1,42
0.651696307460467,0.7289377289377289,0.6683322673974965,0.669824261901098,0.6806488648487942,nan,nan,0.8172942817294282,0.0,0.7547169811320755,0.8173913043478261,0.49256900212314225,0.9541284403669725,0.9090909090909091,0.7,2,42
0.7035650193691254,0.7066246056782335,0.5476931343243479,0.6123596871473876,0.5319040802279098,0.0,nan,0.8395573997233748,0.0,0.6462585034013606,0.8253968253968254,0.44819819819819817,0.9647887323943662,0.9090909090909091,0.15384615384615385,3,42
0.4671397665515542,0.8405151064883606,0.726408038024327,0.7254450151260884,0.7299082798373625,0.8192771084337349,0.7916666666666666,0.7137809187279152,0.9292196007259528,0.8051470588235294,0.9453125,0.0,0.8348623853211009,nan,nan,7,42
0.6940275629361471,0.7245918904686677,0.5564818644776657,0.5983020368309829,0.5446541301131731,0.0,nan,0.6772486772486772,0.0,0.6851063829787234,0.9262295081967213,0.7645631067961165,0.8928571428571429,0.7058823529411765,0.25,4,42
0.49118500482290983,0.8189484126984127,0.6374811021373658,0.6420118154145397,0.6452173820735272,0.7486033519553073,0.85,0.594306049822064,0.918625678119349,0.864963503649635,0.9205479452054794,0.0,0.9099099099099099,nan,nan,6,42
0.6229125907023748,0.7575599582898853,0.6812321277780826,0.6924270525415883,0.6851316584417735,nan,nan,0.8164464023494861,0.0,0.8231578947368421,0.85,0.5311203319502075,0.9436619718309859,0.9166666666666666,0.6,0,43
0.7002918680508932,0.717219589257504,0.5488598872284425,0.5796857873735167,0.5384148728835093,0.0,nan,0.7023809523809523,0.0,0.6063829787234043,0.9180327868852459,0.779126213592233,0.8839285714285714,0.7058823529411765,0.25,4,43
0.4628893043845892,0.8405151064883606,0.7281917620918791,0.7273465281851443,0.7313113625201642,0.8102409638554217,0.8125,0.7137809187279152,0.9274047186932849,0.8051470588235294,0.9557291666666666,0.0,0.8256880733944955,nan,nan,7,43
0.863554096991016,0.6205101509630401,0.6002928331137294,0.6880035390591213,0.5940971428684926,0.0,nan,0.6220689655172413,nan,0.21956521739130436,0.9454545454545454,0.8559139784946237,0.9097744360902256,0.7,0.5,1,43
0.7046904732783635,0.7108307045215563,0.561775699822963,0.6228478720037371,0.5424345270357721,0.0,nan,0.8450899031811895,0.0,0.6281179138321995,0.8333333333333334,0.47072072072072074,0.9647887323943662,0.9090909090909091,0.23076923076923078,3,43
0.6511029452085495,0.7310308738880168,0.6564746693556313,0.6649635233882987,0.6590720255859219,nan,nan,0.8242677824267782,0.0,0.7463312368972747,0.8173913043478261,0.5031847133757962,0.9541284403669725,0.7272727272727273,0.7,2,43
0.4914172971621156,0.827930174563591,0.7142483314717436,0.7318026531266022,0.7066077865931741,0.8742690058479532,0.7777777777777778,0.7881944444444444,0.8993055555555556,0.6917808219178082,0.9780564263322884,0.0,0.6434782608695652,nan,nan,5,43
0.4948053313419223,0.8204365079365079,0.6394162762750807,0.6443530051264975,0.6481066370114975,0.7458100558659218,0.85,0.6014234875444839,0.9168173598553345,0.8759124087591241,0.915068493150685,0.0,0.9279279279279279,nan,nan,6,43
0.6526674032211304,0.7299843014128728,0.6625925814533323,0.6692318549477076,0.6691065051182289,nan,nan,0.8326359832635983,0.0,0.7379454926624738,0.8173913043478261,0.49256900212314225,0.9541284403669725,0.8181818181818182,0.7,2,44
0.6232068747282028,0.7518248175182481,0.6777978768246357,0.6902178210686134,0.6816345540153168,nan,nan,0.8105726872246696,0.0,0.8210526315789474,0.8333333333333334,0.520746887966805,0.9507042253521126,0.9166666666666666,0.6,0,44
0.45982927456498146,0.8434868746904408,0.7306082890982504,0.7300552398202833,0.7338039492832247,0.8162650602409639,0.8125,0.7137809187279152,0.9292196007259528,0.8198529411764706,0.953125,0.0,0.8256880733944955,nan,nan,7,44
0.4887316320091486,0.8199404761904762,0.6397774439103181,0.6449897607311986,0.6477839367479051,0.7458100558659218,0.85,0.6014234875444839,0.9222423146473779,0.8613138686131386,0.9123287671232877,0.0,0.9369369369369369,nan,nan,6,44
0.5013267211616039,0.827930174563591,0.7125445930989709,0.733344823009094,0.7042389685716066,0.8801169590643275,0.7777777777777778,0.7916666666666666,0.8958333333333334,0.6986301369863014,0.9811912225705329,0.0,0.6086956521739131,nan,nan,5,44
0.7905739122821439,0.6559083810515357,0.6318284972356396,0.6941860973065206,0.6240989180761856,0.0,nan,0.5365517241379311,nan,0.4826086956521739,0.9181818181818182,0.8731182795698925,0.9323308270676691,0.75,0.5,1,44
0.7042031745115916,0.7140600315955766,0.5452209187498037,0.5687082267780991,0.538678605620135,0.0,nan,0.671957671957672,0.0,0.625531914893617,0.9098360655737705,0.8009708737864077,0.8839285714285714,0.7058823529411765,0.25,4,44
0.6825706203778584,0.7323869610935857,0.57328220383398,0.6270955312113438,0.5555985435094112,0.0,nan,0.8132780082987552,0.0,0.6961451247165533,0.8412698412698413,0.545045045045045,0.9647887323943662,0.9090909090909091,0.23076923076923078,3,44
0.8499246835708618,0.6507027589796981,0.6109653473947663,0.6872789371713489,0.6025793308282688,0.0,nan,0.7310344827586207,nan,0.24347826086956523,0.9363636363636364,0.7849462365591398,0.924812030075188,0.7,0.5,1,45
0.6188203722238541,0.7575599582898853,0.6742639639367609,0.6743855234899768,0.6860557340400675,nan,nan,0.8105726872246696,0.0,0.8231578947368421,0.85,0.5373443983402489,0.9507042253521126,0.9166666666666666,0.6,0,45
0.45844773203134537,0.8410104011887073,0.7294918655127554,0.7292529445779431,0.7324793240237213,0.8162650602409639,0.8125,0.7102473498233216,0.9292196007259528,0.8088235294117647,0.9479166666666666,0.0,0.8348623853211009,nan,nan,7,45
0.699700661500295,0.7145866245392312,0.5504828159057978,0.5953135761734564,0.5377752730484276,0.0,nan,0.6904761904761905,0.0,0.6212765957446809,0.9344262295081968,0.7718446601941747,0.8660714285714286,0.7058823529411765,0.25,4,45
0.6842674781878789,0.7255520504731862,0.5801166020367565,0.6323829146087683,0.5601557957943852,0.0,nan,0.8201936376210235,0.0,0.691609977324263,0.8412698412698413,0.5067567567567568,0.9647887323943662,0.9090909090909091,0.3076923076923077,3,45
0.4891793644055724,0.8219246031746031,0.641508658697492,0.6460987691819784,0.6498052329881594,0.7486033519553073,0.85,0.6014234875444839,0.9222423146473779,0.864963503649635,0.915068493150685,0.0,0.9459459459459459,nan,nan,6,45
0.4920771783217788,0.8324189526184539,0.7190396746852536,0.735312719333771,0.711882009808486,0.8801169590643275,0.7777777777777778,0.7986111111111112,0.8975694444444444,0.702054794520548,0.9780564263322884,0.0,0.6608695652173913,nan,nan,5,45
0.6462508797645569,0.7268445839874411,0.6611101417426402,0.6657999066705219,0.6689309733647064,nan,nan,0.810320781032078,0.0,0.7631027253668763,0.8173913043478261,0.4883227176220807,0.9541284403669725,0.8181818181818182,0.7,2,45
0.6162021438280741,0.7591240875912408,0.6743601838208511,0.6747295139557987,0.6859756292698065,nan,nan,0.8120411160058737,0.0,0.8231578947368421,0.8416666666666667,0.5435684647302904,0.9507042253521126,0.9166666666666666,0.6,0,46
0.48048666398972273,0.8244047619047619,0.64181505677513,0.6464635941817647,0.6480854256275932,0.7513966480446927,0.825,0.6263345195729537,0.9276672694394213,0.8503649635036497,0.915068493150685,0.0,0.9369369369369369,nan,nan,6,46
0.6818036824464798,0.7229232386961093,0.5760238203699117,0.6175388465503088,0.5581774805999824,0.0,nan,0.8229598893499308,0.0,0.6893424036281179,0.8412698412698413,0.4954954954954955,0.9577464788732394,0.9090909090909091,0.3076923076923077,3,46
0.4548286683857441,0.8434868746904408,0.7324492992945851,0.7304649226263724,0.7370200385537913,0.8162650602409639,0.8333333333333334,0.7173144876325088,0.9292196007259528,0.8198529411764706,0.9453125,0.0,0.8348623853211009,nan,nan,7,46
0.6450209677219391,0.7320774463631606,0.6639449309538137,0.6683553053428073,0.6706233525629073,nan,nan,0.8256624825662483,0.0,0.7379454926624738,0.8173913043478261,0.5116772823779193,0.9541284403669725,0.8181818181818182,0.7,2,46
0.6901265879472097,0.7251184834123223,0.5546503861690535,0.5985417101768177,0.54196679993499,0.0,nan,0.6984126984126984,0.0,0.6510638297872341,0.9344262295081968,0.7718446601941747,0.8660714285714286,0.7058823529411765,0.25,4,46
0.8303688841481363,0.6652785007808433,0.6190304208349829,0.6909323644366494,0.6073580497058815,0.0,nan,0.7737931034482759,nan,0.27608695652173915,0.9454545454545454,0.7462365591397849,0.9172932330827067,0.7,0.5,1,46
0.48402069602161646,0.8349127182044888,0.7223240195940261,0.736883437189779,0.7153539476765954,0.8801169590643275,0.7777777777777778,0.7916666666666666,0.9027777777777778,0.7054794520547946,0.9780564263322884,0.0,0.6869565217391305,nan,nan,5,46
0.4830174818634987,0.8219246031746031,0.6403351908678385,0.6459908739480738,0.6474877117973219,0.7458100558659218,0.825,0.6156583629893239,0.9222423146473779,0.8576642335766423,0.915068493150685,0.0,0.9459459459459459,nan,nan,6,47
0.8781399092366619,0.6496616345653305,0.607808489926364,0.690427076693187,0.6004591201384071,0.0,nan,0.7558620689655172,nan,0.2108695652173913,0.9454545454545454,0.7741935483870968,0.9172932330827067,0.7,0.5,1,47
0.6441063930590948,0.7336473050758765,0.6644781000811982,0.6701594199155021,0.6709609163134644,nan,nan,0.8326359832635983,0.0,0.740041928721174,0.8173913043478261,0.505307855626327,0.9541284403669725,0.8181818181818182,0.7,2,47
0.6140937566757202,0.7601668404588112,0.6736284994055142,0.673172217470557,0.6855588311212005,nan,nan,0.8002936857562408,0.0,0.8357894736842105,0.825,0.5560165975103735,0.9507042253521126,0.9166666666666666,0.6,0,47
0.6951311747233073,0.7151132174828857,0.5668073130231639,0.6068989416010431,0.5531387978642005,0.0,nan,0.6706349206349206,0.0,0.6446808510638298,0.9344262295081968,0.7815533980582524,0.8660714285714286,0.7058823529411765,0.375,4,47
0.45365360099822283,0.8429915799900941,0.7320201378784357,0.7304347283930275,0.7365962051511723,0.8162650602409639,0.8333333333333334,0.7102473498233216,0.9292196007259528,0.8235294117647058,0.9453125,0.0,0.8348623853211009,nan,nan,7,47
0.6827815701564153,0.7255520504731862,0.579706562052202,0.6338210764320464,0.5593798342399214,0.0,nan,0.8312586445366529,0.0,0.6870748299319728,0.8412698412698413,0.49324324324324326,0.9647887323943662,0.9090909090909091,0.3076923076923077,3,47
0.4902659961953759,0.8329177057356608,0.717926570642383,0.7354255120920147,0.7101535463264113,0.8888888888888888,0.7777777777777778,0.7881944444444444,0.9027777777777778,0.702054794520548,0.9780564263322884,0.0,0.6434782608695652,nan,nan,5,47
0.6398556590080261,0.7305075876504448,0.662935471729545,0.6678031757668854,0.6704278400523693,nan,nan,0.8158995815899581,0.0,0.7610062893081762,0.8173913043478261,0.4968152866242038,0.9541284403669725,0.8181818181818182,0.7,2,48
0.8053467331394073,0.6642373763664758,0.6280065964450684,0.6916813947029621,0.6216844721725526,0.0,nan,0.6579310344827586,nan,0.36086956521739133,0.9454545454545454,0.8344086021505376,0.924812030075188,0.75,0.5,1,48
0.4777646381407976,0.8263888888888888,0.6433170320033413,0.6477507382208977,0.6504873587987495,0.7513966480446927,0.825,0.6334519572953736,0.9258589511754068,0.8576642335766423,0.915068493150685,0.0,0.9459459459459459,nan,nan,6,48
0.6804925471544265,0.7245005257623555,0.5772162159395423,0.6178072682270721,0.5590650506438456,0.0,nan,0.8298755186721992,0.0,0.673469387755102,0.8492063492063492,0.5045045045045045,0.9577464788732394,0.9090909090909091,0.3076923076923077,3,48
0.6899667302767436,0.7193259610321222,0.5532058634703461,0.5974660587152933,0.5420805767684528,0.0,nan,0.6626984126984127,0.0,0.6659574468085107,0.9344262295081968,0.7936893203883495,0.8660714285714286,0.7058823529411765,0.25,4,48
0.6088579426209132,0.7638164754953076,0.6771598358389729,0.6761500399450264,0.6883641513098946,nan,nan,0.8076358296622613,0.0,0.8168421052631579,0.8333333333333334,0.5746887966804979,0.9577464788732394,0.9166666666666666,0.6,0,48
0.47921764850616455,0.8364089775561098,0.7205276624179923,0.7371741687991157,0.7132317857211186,0.8830409356725146,0.7777777777777778,0.7777777777777778,0.8975694444444444,0.7568493150684932,0.9780564263322884,0.0,0.6347826086956522,nan,nan,5,48
0.4512822590768337,0.8420009905894007,0.7328045837875361,0.7286175207599964,0.7407358497405465,0.8162650602409639,0.875,0.696113074204947,0.9237749546279492,0.8345588235294118,0.9453125,0.0,0.8348623853211009,nan,nan,7,48
0.4794191140681505,0.8359102244389027,0.7214444329085816,0.7370335679213957,0.7144069967798976,0.8801169590643275,0.7777777777777778,0.7847222222222222,0.8958333333333334,0.7465753424657534,0.9780564263322884,0.0,0.6521739130434783,nan,nan,5,49
0.7051567176977793,0.7072143233280674,0.5855657346554499,0.6062839237310758,0.5812378237276684,0.0,nan,0.6349206349206349,0.0,0.6404255319148936,0.9262295081967213,0.8058252427184466,0.8928571428571429,0.7058823529411765,0.625,4,49
0.4736927058547735,0.8263888888888888,0.6428148799583498,0.645359051824446,0.6503926814433645,0.7541899441340782,0.825,0.6405693950177936,0.918625678119349,0.8576642335766423,0.9205479452054794,0.0,0.9369369369369369,nan,nan,6,49
0.6368427524964014,0.7341705913134484,0.6665374554825678,0.670295742107881,0.6735778490428143,nan,nan,0.8214783821478382,0.0,0.7526205450733753,0.8347826086956521,0.5074309978768577,0.9541284403669725,0.8181818181818182,0.7,2,49
0.6834819147984187,0.7213459516298633,0.5753691999157693,0.6192272737371388,0.5568858595691794,0.0,nan,0.8395573997233748,0.0,0.671201814058957,0.8492063492063492,0.4774774774774775,0.9577464788732394,0.9090909090909091,0.3076923076923077,3,49
0.7915658008667731,0.6694429984383133,0.6340042592173933,0.7000291967252008,0.6232150180174173,0.0,nan,0.6717241379310345,nan,0.3630434782608696,0.9363636363636364,0.832258064516129,0.9323308270676691,0.75,0.5,1,49
0.6078587422768275,0.7638164754953076,0.6776483192163908,0.6756448336516179,0.6881412272047704,nan,nan,0.8002936857562408,0.0,0.8273684210526315,0.8333333333333334,0.5767634854771784,0.9507042253521126,0.9166666666666666,0.6,0,49
0.4495438663288951,0.8439821693907875,0.7338940996870944,0.7311594205003729,0.7400266672010104,0.8162650602409639,0.8541666666666666,0.7102473498233216,0.9274047186932849,0.8345588235294118,0.9427083333333334,0.0,0.8348623853211009,nan,nan,7,49
