iteration,node_id,loss,accuracy,full_loss,full_accuracy
0,7,2.304248660443777,0.10095238095238095,"[2.304553876440209, 2.3045737513576645, 2.304248660443777]","[0.10095238095238095, 0.10095238095238095, 0.10095238095238095]"
0,6,2.30362130360431,0.10476190476190476,"[2.303562994462898, 2.303603126342038, 2.30362130360431]","[0.10476190476190476, 0.10457142857142857, 0.10476190476190476]"
0,4,2.3056722893772355,0.10342857142857143,"[2.3062048389250975, 2.3057223946215157, 2.3056722893772355]","[0.10342857142857143, 0.10342857142857143, 0.10342857142857143]"
0,3,2.305669235895915,0.09428571428571429,"[2.3058042899671807, 2.3053835845855346, 2.305669235895915]","[0.09428571428571429, 0.09428571428571429, 0.09428571428571429]"
0,2,2.304506735629346,0.09561904761904762,"[2.304727807102433, 2.3047689788312797, 2.304506735629346]","[0.09561904761904762, 0.0958095238095238, 0.09561904761904762]"
0,0,2.30392996374383,0.09676190476190476,"[2.3039698428418265, 2.3036157826343215, 2.30392996374383]","[0.09676190476190476, 0.09676190476190476, 0.09676190476190476]"
0,1,2.3047572302531045,0.10380952380952381,"[2.3048555764807275, 2.3048527212028045, 2.3047572302531045]","[0.10361904761904762, 0.10380952380952381, 0.10380952380952381]"
0,5,2.3027404446199715,0.10019047619047619,"[2.302842401596437, 2.3031460951609786, 2.3027404446199715]","[0.1, 0.1, 0.10019047619047619]"
1,0,2.303703951548381,0.09657142857142857,"[2.303741684879165, 2.303387228264866, 2.303703951548381]","[0.09676190476190476, 0.09676190476190476, 0.09657142857142857]"
1,4,2.305398007473314,0.10342857142857143,"[2.3059232723282044, 2.3054423360939484, 2.305398007473314]","[0.10342857142857143, 0.10342857142857143, 0.10342857142857143]"
1,6,2.303410986819899,0.10476190476190476,"[2.3033533584640686, 2.30338667674237, 2.303410986819899]","[0.10476190476190476, 0.10457142857142857, 0.10476190476190476]"
1,7,2.3040077284157996,0.10095238095238095,"[2.304305473005915, 2.3043246412851723, 2.3040077284157996]","[0.10095238095238095, 0.10095238095238095, 0.10095238095238095]"
1,3,2.305497899112931,0.09428571428571429,"[2.305624375860375, 2.3052069968487845, 2.305497899112931]","[0.09428571428571429, 0.09428571428571429, 0.09428571428571429]"
1,5,2.3025458692068077,0.10019047619047619,"[2.3026498254523218, 2.302948095712317, 2.3025458692068077]","[0.1, 0.1, 0.10019047619047619]"
1,1,2.3045645621885735,0.10380952380952381,"[2.304654810802046, 2.3046512172882814, 2.3045645621885735]","[0.10361904761904762, 0.10380952380952381, 0.10380952380952381]"
1,2,2.3043262441474273,0.0958095238095238,"[2.304539577070489, 2.3045834231089395, 2.3043262441474273]","[0.09561904761904762, 0.0958095238095238, 0.0958095238095238]"
2,3,2.3053357428814993,0.09447619047619048,"[2.3054546247045677, 2.3050394230578317, 2.3053357428814993]","[0.09428571428571429, 0.09447619047619048, 0.09447619047619048]"
2,5,2.3023531494370424,0.10019047619047619,"[2.302459464015731, 2.3027518513690994, 2.3023531494370424]","[0.1, 0.1, 0.10019047619047619]"
2,7,2.3037666470171456,0.10095238095238095,"[2.3040615190942604, 2.3040779355060623, 2.3037666470171456]","[0.10095238095238095, 0.10095238095238095, 0.10095238095238095]"
2,2,2.304152862135186,0.09561904761904762,"[2.304359154528882, 2.304404094994786, 2.304152862135186]","[0.0958095238095238, 0.09561904761904762, 0.09561904761904762]"
2,1,2.3043767572885536,0.10380952380952381,"[2.3044610770351914, 2.30445526594139, 2.3043767572885536]","[0.10361904761904762, 0.10380952380952381, 0.10380952380952381]"
2,4,2.3051274052585464,0.10342857142857143,"[2.3056471979761697, 2.305166336427252, 2.3051274052585464]","[0.10342857142857143, 0.10342857142857143, 0.10342857142857143]"
2,6,2.303202324602977,0.10476190476190476,"[2.3031480628323844, 2.30317275208163, 2.303202324602977]","[0.10457142857142857, 0.10495238095238095, 0.10476190476190476]"
2,0,2.303480225873281,0.09638095238095239,"[2.3035173128886397, 2.303162135273577, 2.303480225873281]","[0.09676190476190476, 0.09676190476190476, 0.09638095238095239]"
3,2,2.303985271109156,0.09561904761904762,"[2.304184589041285, 2.3042313822780747, 2.303985271109156]","[0.0958095238095238, 0.09542857142857143, 0.09561904761904762]"
3,0,2.3032556729144362,0.09657142857142857,"[2.3032945265252907, 2.3029380591518906, 2.3032556729144362]","[0.09695238095238096, 0.09676190476190476, 0.09657142857142857]"
3,3,2.3051814745707686,0.09409523809523809,"[2.305293146386204, 2.3048811188663345, 2.3051814745707686]","[0.09428571428571429, 0.09447619047619048, 0.09409523809523809]"
3,4,2.30485889997827,0.10342857142857143,"[2.3053741713604294, 2.304892557213105, 2.30485889997827]","[0.10342857142857143, 0.10323809523809524, 0.10342857142857143]"
3,7,2.3035245544939156,0.10114285714285715,"[2.30381885206843, 2.3038312153643874, 2.3035245544939156]","[0.10095238095238095, 0.10114285714285715, 0.10114285714285715]"
3,1,2.3041895671063157,0.10380952380952381,"[2.3042712326509407, 2.3042621784899606, 2.3041895671063157]","[0.10361904761904762, 0.10361904761904762, 0.10380952380952381]"
3,5,2.3021597948419044,0.10019047619047619,"[2.3022709122623306, 2.302555980452572, 2.3021597948419044]","[0.10019047619047619, 0.1, 0.10019047619047619]"
3,6,2.302992858082415,0.10476190476190476,"[2.3029441632420182, 2.3029589451939225, 2.302992858082415]","[0.10457142857142857, 0.10495238095238095, 0.10476190476190476]"
4,3,2.30503445361034,0.09409523809523809,"[2.305138863712908, 2.3047307083405646, 2.30503445361034]","[0.09447619047619048, 0.09466666666666666, 0.09409523809523809]"
4,6,2.3027815904962012,0.10438095238095238,"[2.3027393645550833, 2.3027444058154, 2.3027815904962012]","[0.10457142857142857, 0.10495238095238095, 0.10438095238095238]"
4,0,2.3030295544360055,0.09676190476190476,"[2.3030720503933457, 2.3027125237935997, 2.3030295544360055]","[0.09695238095238096, 0.09714285714285714, 0.09676190476190476]"
4,5,2.3019614593092217,0.10019047619047619,"[2.3020806772163116, 2.302355749061309, 2.3019614593092217]","[0.10019047619047619, 0.0998095238095238, 0.10019047619047619]"
4,4,2.304590851427561,0.10304761904761905,"[2.305102020861155, 2.304619705820658, 2.304590851427561]","[0.10342857142857143, 0.10323809523809524, 0.10304761904761905]"
4,1,2.3040029973868865,0.10380952380952381,"[2.304084255034665, 2.3040703491992263, 2.3040029973868865]","[0.10361904761904762, 0.10361904761904762, 0.10380952380952381]"
4,2,2.303820931767843,0.09542857142857143,"[2.3040134590792367, 2.304062866302858, 2.303820931767843]","[0.0958095238095238, 0.09542857142857143, 0.09542857142857143]"
4,7,2.30328098262649,0.10095238095238095,"[2.30357519977064, 2.3035830359861076, 2.30328098262649]","[0.10095238095238095, 0.10133333333333333, 0.10095238095238095]"
5,2,2.3036581981612976,0.09542857142857143,"[2.3038453682359443, 2.3038975359445595, 2.3036581981612976]","[0.09561904761904762, 0.0958095238095238, 0.09542857142857143]"
5,6,2.302567752010851,0.10457142857142857,"[2.302533212914524, 2.3025268991309478, 2.302567752010851]","[0.10476190476190476, 0.10457142857142857, 0.10457142857142857]"
5,0,2.3027987968490784,0.09695238095238096,"[2.302847543394709, 2.302483325981232, 2.3027987968490784]","[0.09676190476190476, 0.09695238095238096, 0.09695238095238096]"
5,7,2.3030333547707063,0.10133333333333333,"[2.303330625396177, 2.303333270980651, 2.3030333547707063]","[0.10095238095238095, 0.10133333333333333, 0.10133333333333333]"
5,5,2.3017585880785103,0.10038095238095238,"[2.3018863258591615, 2.302152372268309, 2.3017585880785103]","[0.10038095238095238, 0.0998095238095238, 0.10038095238095238]"
5,4,2.304321257464857,0.10285714285714286,"[2.304830312728882, 2.3043459151164596, 2.304321257464857]","[0.10342857142857143, 0.10342857142857143, 0.10285714285714286]"
5,3,2.3048946340400054,0.09390476190476191,"[2.3049916416765694, 2.3045876370855125, 2.3048946340400054]","[0.09428571428571429, 0.09428571428571429, 0.09390476190476191]"
5,1,2.3038155142083228,0.10380952380952381,"[2.3038991273167624, 2.3038786577891153, 2.3038155142083228]","[0.10323809523809524, 0.10323809523809524, 0.10380952380952381]"
6,7,2.3027783675366136,0.10152380952380953,"[2.3030804754739784, 2.303076976753143, 2.3027783675366136]","[0.10133333333333333, 0.10152380952380953, 0.10152380952380953]"
6,3,2.3047609903726234,0.09333333333333334,"[2.304851879556495, 2.304452249802739, 2.3047609903726234]","[0.09447619047619048, 0.09447619047619048, 0.09333333333333334]"
6,0,2.30256248669452,0.09714285714285714,"[2.302619388304561, 2.3022500434553765, 2.30256248669452]","[0.09695238095238096, 0.09695238095238096, 0.09714285714285714]"
6,1,2.303624790835093,0.10361904761904762,"[2.303713201040245, 2.303685082010476, 2.303624790835093]","[0.10342857142857143, 0.10342857142857143, 0.10361904761904762]"
6,4,2.3040475471910224,0.10285714285714286,"[2.304555869964232, 2.3040688267673355, 2.3040475471910224]","[0.10361904761904762, 0.10361904761904762, 0.10285714285714286]"
6,2,2.303495493279882,0.09504761904761905,"[2.3036786389638144, 2.3037340784647378, 2.303495493279882]","[0.0958095238095238, 0.0958095238095238, 0.09504761904761905]"
6,5,2.3015477456242204,0.10038095238095238,"[2.3016869447317467, 2.3019421847469834, 2.3015477456242204]","[0.1, 0.0998095238095238, 0.10038095238095238]"
6,6,2.3023487372570726,0.10476190476190476,"[2.302322944962835, 2.302304744720459, 2.3023487372570726]","[0.10495238095238095, 0.10495238095238095, 0.10476190476190476]"
7,7,2.3025144324245224,0.10133333333333333,"[2.3028228426554116, 2.3028130416410515, 2.3025144324245224]","[0.10152380952380953, 0.1020952380952381, 0.10133333333333333]"
7,1,2.303429425480854,0.10323809523809524,"[2.3035237530627883, 2.303487981658384, 2.303429425480854]","[0.10361904761904762, 0.10361904761904762, 0.10323809523809524]"
7,0,2.302316717354648,0.09714285714285714,"[2.3023849797536093, 2.302009174622685, 2.302316717354648]","[0.09714285714285714, 0.09714285714285714, 0.09714285714285714]"
7,4,2.303765862821096,0.10304761904761905,"[2.304276397429317, 2.3037854476147386, 2.303765862821096]","[0.10361904761904762, 0.10361904761904762, 0.10304761904761905]"
7,2,2.3033313492694534,0.09523809523809523,"[2.303511587970228, 2.303569575390184, 2.3033313492694534]","[0.0958095238095238, 0.09561904761904762, 0.09523809523809523]"
7,3,2.304633539843272,0.09295238095238095,"[2.304718046303255, 2.3043219669755683, 2.304633539843272]","[0.09409523809523809, 0.09466666666666666, 0.09295238095238095]"
7,5,2.3013275157974427,0.10038095238095238,"[2.3014796785561433, 2.301722937319652, 2.3013275157974427]","[0.1, 0.09961904761904762, 0.10038095238095238]"
7,6,2.302119436034237,0.10476190476190476,"[2.3021058978804625, 2.302074682281678, 2.302119436034237]","[0.10495238095238095, 0.10514285714285715, 0.10476190476190476]"
8,7,2.3022377490997314,0.10095238095238095,"[2.3025549549654305, 2.3025369816515817, 2.3022377490997314]","[0.10114285714285715, 0.10228571428571429, 0.10095238095238095]"
8,5,2.3010933743902,0.1,"[2.3012610688266983, 2.3014910192374725, 2.3010933743902]","[0.10095238095238095, 0.09942857142857142, 0.1]"
8,2,2.3031661797718828,0.09542857142857143,"[2.3033432012580963, 2.3034023922609994, 2.3031661797718828]","[0.09561904761904762, 0.09638095238095239, 0.09542857142857143]"
8,1,2.3032261980585305,0.10380952380952381,"[2.3033280659870927, 2.303286049739424, 2.3032261980585305]","[0.104, 0.10380952380952381, 0.10380952380952381]"
8,6,2.3018769901919076,0.10514285714285715,"[2.3018786131617532, 2.301832641463682, 2.3018769901919076]","[0.10533333333333333, 0.10514285714285715, 0.10514285714285715]"
8,4,2.3034734639776757,0.10304761904761905,"[2.3039893156074616, 2.30349245703364, 2.3034734639776757]","[0.10438095238095238, 0.10380952380952381, 0.10304761904761905]"
8,3,2.30451214744384,0.09257142857142857,"[2.30459068769432, 2.3041977710034476, 2.30451214744384]","[0.09428571428571429, 0.09504761904761905, 0.09257142857142857]"
8,0,2.3020599261823906,0.09714285714285714,"[2.3021412240453514, 2.3017582261418723, 2.3020599261823906]","[0.09752380952380953, 0.0980952380952381, 0.09714285714285714]"
9,2,2.3029964343611016,0.09561904761904762,"[2.3031714910484222, 2.3032310324979117, 2.3029964343611016]","[0.09561904761904762, 0.09676190476190476, 0.09561904761904762]"
9,7,2.3019449136343346,0.10171428571428572,"[2.3022731269698546, 2.3022466280374183, 2.3019449136343346]","[0.1020952380952381, 0.10247619047619047, 0.10171428571428572]"
9,6,2.301618981074138,0.10495238095238095,"[2.301638298724071, 2.3015757957136773, 2.301618981074138]","[0.10533333333333333, 0.10514285714285715, 0.10495238095238095]"
9,0,2.3017872241606194,0.09752380952380953,"[2.3018851969615524, 2.3014929754188262, 2.3017872241606194]","[0.09752380952380953, 0.09828571428571428, 0.09752380952380953]"
9,3,2.304396267396858,0.09238095238095238,"[2.3044680629868104, 2.304078860455249, 2.304396267396858]","[0.09428571428571429, 0.096, 0.09238095238095238]"
9,1,2.303012161369783,0.10361904761904762,"[2.303124163524214, 2.303074672997716, 2.303012161369783]","[0.10304761904761905, 0.10361904761904762, 0.10361904761904762]"
9,5,2.3008434140538596,0.1,"[2.3010291277644144, 2.301243414361793, 2.3008434140538596]","[0.10095238095238095, 0.10057142857142858, 0.1]"
9,4,2.3031655535640487,0.10323809523809524,"[2.3036901433783843, 2.30318583637835, 2.3031655535640487]","[0.10457142857142857, 0.104, 0.10323809523809524]"
10,3,2.304285842252065,0.09219047619047618,"[2.304349023175527, 2.303963893867401, 2.304285842252065]","[0.09390476190476191, 0.09695238095238096, 0.09219047619047618]"
10,6,2.30134284639933,0.10571428571428572,"[2.3013811772128188, 2.3013006089681602, 2.30134284639933]","[0.10571428571428572, 0.10571428571428572, 0.10571428571428572]"
10,2,2.302820966904422,0.09638095238095239,"[2.302994943526854, 2.3030544907213693, 2.302820966904422]","[0.09485714285714286, 0.09695238095238096, 0.09638095238095239]"
10,7,2.301632912762194,0.10266666666666667,"[2.3019753105669136, 2.3019403348486107, 2.301632912762194]","[0.10228571428571429, 0.10304761904761905, 0.10266666666666667]"
10,4,2.3028407297938704,0.10285714285714286,"[2.3033757669379913, 2.3028627160083817, 2.3028407297938704]","[0.10495238095238095, 0.104, 0.10285714285714286]"
10,0,2.301494696054114,0.09904761904761905,"[2.3016126586730223, 2.3012100874659525, 2.301494696054114]","[0.09828571428571428, 0.10038095238095238, 0.09904761904761905]"
10,5,2.3005737281707397,0.10076190476190476,"[2.3007796011775374, 2.3009774828531655, 2.3005737281707397]","[0.10171428571428572, 0.10076190476190476, 0.10076190476190476]"
10,1,2.3027849743165167,0.10438095238095238,"[2.3029073519879075, 2.3028501372739494, 2.3027849743165167]","[0.10361904761904762, 0.10476190476190476, 0.10438095238095238]"
11,1,2.302544714456581,0.10571428571428572,"[2.302675499973527, 2.3026113826108268, 2.302544714456581]","[0.10380952380952381, 0.10514285714285715, 0.10571428571428572]"
11,4,2.3024934257369445,0.1041904761904762,"[2.3030411996037126, 2.302519157708409, 2.3024934257369445]","[0.10647619047619047, 0.104, 0.1041904761904762]"
11,0,2.301176252135311,0.10266666666666667,"[2.3013178067034987, 2.3009045727281685, 2.301176252135311]","[0.09923809523809524, 0.10171428571428572, 0.10266666666666667]"
11,3,2.304180691041142,0.09085714285714286,"[2.304234171488199, 2.303851590099105, 2.304180691041142]","[0.09390476190476191, 0.09885714285714285, 0.09085714285714286]"
11,7,2.301293330020215,0.10266666666666667,"[2.301656774727695, 2.3016111994364175, 2.301293330020215]","[0.1019047619047619, 0.1041904761904762, 0.10266666666666667]"
11,6,2.3010410458208566,0.10666666666666667,"[2.3011037269270562, 2.301002901720713, 2.3010410458208566]","[0.108, 0.10704761904761904, 0.10666666666666667]"
11,2,2.302635368094387,0.09676190476190476,"[2.302812326385314, 2.30287068723196, 2.302635368094387]","[0.09523809523809523, 0.09961904761904762, 0.09676190476190476]"
11,5,2.300277006195252,0.10152380952380953,"[2.300508269344468, 2.300689036587635, 2.300277006195252]","[0.10247619047619047, 0.1020952380952381, 0.10152380952380953]"
12,1,2.302283163530281,0.10685714285714286,"[2.3024258039083825, 2.3023514058216508, 2.302283163530281]","[0.10438095238095238, 0.10457142857142857, 0.10685714285714286]"
12,6,2.300709215991468,0.108,"[2.300800889371389, 2.300678399671991, 2.300709215991468]","[0.10895238095238095, 0.10819047619047618, 0.108]"
12,7,2.300921448742051,0.1041904761904762,"[2.301311774426196, 2.301252192761525, 2.300921448742051]","[0.10171428571428572, 0.10571428571428572, 0.1041904761904762]"
12,2,2.302436601684754,0.096,"[2.30261954054775, 2.3026755861489168, 2.302436601684754]","[0.09523809523809523, 0.09961904761904762, 0.096]"
12,4,2.302116115409208,0.10361904761904762,"[2.302682764558907, 2.302147552191493, 2.302116115409208]","[0.10780952380952381, 0.104, 0.10361904761904762]"
12,0,2.3008289308433074,0.10323809523809524,"[2.30099719403738, 2.300570600004081, 2.3008289308433074]","[0.09904761904761905, 0.10285714285714286, 0.10323809523809524]"
12,5,2.2999462851558823,0.10380952380952381,"[2.3002093498965346, 2.3003699463534066, 2.2999462851558823]","[0.10457142857142857, 0.10171428571428572, 0.10380952380952381]"
12,3,2.304079078766237,0.09085714285714286,"[2.3041231057730065, 2.3037421703338623, 2.304079078766237]","[0.09447619047619048, 0.09866666666666667, 0.09085714285714286]"
13,6,2.300337791442871,0.10952380952380952,"[2.300466813236834, 2.300319568220391, 2.300337791442871]","[0.11066666666666666, 0.11028571428571429, 0.10952380952380952]"
13,0,2.300443195434938,0.10438095238095238,"[2.300645087138716, 2.300201562513788, 2.300443195434938]","[0.09961904761904762, 0.10514285714285715, 0.10438095238095238]"
13,7,2.3005079045353165,0.10628571428571429,"[2.3009327693157884, 2.300854516316609, 2.3005079045353165]","[0.10304761904761905, 0.10552380952380952, 0.10628571428571429]"
13,1,2.301994498953762,0.10742857142857143,"[2.3021535270185356, 2.3020670701222246, 2.301994498953762]","[0.10380952380952381, 0.10533333333333333, 0.10742857142857143]"
13,5,2.299575308719313,0.10361904761904762,"[2.299876600862986, 2.3000144613794533, 2.299575308719313]","[0.10514285714285715, 0.10514285714285715, 0.10361904761904762]"
13,3,2.30398085318416,0.09104761904761904,"[2.3040151567344207, 2.3036352180572877, 2.30398085318416]","[0.09447619047619048, 0.09885714285714285, 0.09104761904761904]"
13,4,2.301701370492039,0.10285714285714286,"[2.3022934155291823, 2.301741134689515, 2.301701370492039]","[0.10990476190476191, 0.10476190476190476, 0.10285714285714286]"
13,2,2.302222786179508,0.09561904761904762,"[2.3024144546095147, 2.302466875099274, 2.302222786179508]","[0.09619047619047619, 0.10095238095238095, 0.09561904761904762]"
14,2,2.3019864415547935,0.09771428571428571,"[2.302191300564502, 2.302239337599421, 2.3019864415547935]","[0.09714285714285714, 0.10228571428571429, 0.09771428571428571]"
14,7,2.3000412877783716,0.10895238095238095,"[2.300511816898024, 2.3004097220409347, 2.3000412877783716]","[0.10361904761904762, 0.10666666666666667, 0.10895238095238095]"
14,0,2.300005657127105,0.10533333333333333,"[2.3002523715237535, 2.2997872312384917, 2.300005657127105]","[0.10152380952380953, 0.10780952380952381, 0.10533333333333333]"
14,4,2.301236698426396,0.10495238095238095,"[2.3018646699836456, 2.301289049975843, 2.301236698426396]","[0.11104761904761905, 0.10723809523809524, 0.10495238095238095]"
14,6,2.2999142652534577,0.10990476190476191,"[2.3000926770359635, 2.299913084650614, 2.2999142652534577]","[0.11295238095238096, 0.11104761904761905, 0.10990476190476191]"
14,1,2.3016678913530098,0.10857142857142857,"[2.3018511461924356, 2.301749401781932, 2.3016678913530098]","[0.10361904761904762, 0.10457142857142857, 0.10857142857142857]"
14,3,2.3038854685174415,0.09123809523809524,"[2.303909726889737, 2.303531054990837, 2.3038854685174415]","[0.09295238095238095, 0.09695238095238096, 0.09123809523809524]"
14,5,2.2991506881024466,0.104,"[2.29950158854565, 2.2996109537331453, 2.2991506881024466]","[0.10838095238095238, 0.10571428571428572, 0.104]"
15,6,2.2994251796998175,0.11428571428571428,"[2.299663767757186, 2.299445893391069, 2.2994251796998175]","[0.1158095238095238, 0.11295238095238096, 0.11428571428571428]"
15,4,2.3007033158497636,0.10628571428571429,"[2.3013814386115015, 2.300776656851711, 2.3007033158497636]","[0.11295238095238096, 0.10647619047619047, 0.10628571428571429]"
15,2,2.30171947019646,0.09790476190476191,"[2.3019441380558243, 2.301985464900373, 2.30171947019646]","[0.09942857142857142, 0.10247619047619047, 0.09790476190476191]"
15,1,2.3012938011123474,0.10857142857142857,"[2.301508679447404, 2.3013885538262056, 2.3012938011123474]","[0.1041904761904762, 0.10438095238095238, 0.10857142857142857]"
15,7,2.299499077969287,0.10990476190476191,"[2.3000314838914986, 2.299898443451847, 2.299499077969287]","[0.10571428571428572, 0.10914285714285714, 0.10990476190476191]"
15,5,2.298651563115867,0.10685714285714286,"[2.2990702462483603, 2.299144957439009, 2.298651563115867]","[0.11161904761904762, 0.10533333333333333, 0.10685714285714286]"
15,3,2.303793539483863,0.09142857142857143,"[2.303807077637638, 2.303429847740265, 2.303793539483863]","[0.09314285714285714, 0.0980952380952381, 0.09142857142857143]"
15,0,2.2994941372469246,0.10780952380952381,"[2.2998043571610047, 2.299307128033006, 2.2994941372469246]","[0.10514285714285715, 0.11066666666666666, 0.10780952380952381]"
16,3,2.303703919950738,0.09142857142857143,"[2.3037077030503608, 2.3033314612974602, 2.303703919950738]","[0.09561904761904762, 0.09638095238095239, 0.09142857142857143]"
16,7,2.2988612479474173,0.112,"[2.299475187278656, 2.299302675637854, 2.2988612479474173]","[0.10857142857142857, 0.11142857142857143, 0.112]"
16,1,2.3008601866572738,0.1100952380952381,"[2.3011127695979843, 2.300971395998116, 2.3008601866572738]","[0.10571428571428572, 0.10742857142857143, 0.1100952380952381]"
16,5,2.298053212912686,0.1100952380952381,"[2.2985673956124177, 2.298595210155809, 2.298053212912686]","[0.11219047619047619, 0.10876190476190477, 0.1100952380952381]"
16,2,2.301413458513926,0.09866666666666667,"[2.3016666504273933, 2.3017002674470466, 2.301413458513926]","[0.09885714285714285, 0.10438095238095238, 0.09866666666666667]"
16,4,2.300079730619867,0.10914285714285714,"[2.3008274658616767, 2.3001852696200453, 2.300079730619867]","[0.11504761904761905, 0.11066666666666666, 0.10914285714285714]"
16,0,2.298894324934626,0.11276190476190476,"[2.299283806099949, 2.2987448364855294, 2.298894324934626]","[0.10933333333333334, 0.11352380952380953, 0.11276190476190476]"
16,6,2.2988455870065345,0.11828571428571429,"[2.2991629968206566, 2.2988972520253745, 2.2988455870065345]","[0.11771428571428572, 0.11504761904761905, 0.11828571428571429]"
17,1,2.3003527428730424,0.11085714285714286,"[2.3006511021809404, 2.300482795899173, 2.3003527428730424]","[0.10819047619047618, 0.11066666666666666, 0.11085714285714286]"
17,6,2.298153610114592,0.11923809523809524,"[2.298569874591138, 2.29824372084744, 2.298153610114592]","[0.12209523809523809, 0.1179047619047619, 0.11923809523809524]"
17,4,2.299337832324476,0.11028571428571429,"[2.3001797687576477, 2.2994871771479226, 2.299337832324476]","[0.11676190476190476, 0.1140952380952381, 0.11028571428571429]"
17,7,2.2981011264295463,0.116,"[2.2988201968641166, 2.2985944431948373, 2.2981011264295463]","[0.10990476190476191, 0.11561904761904762, 0.116]"
17,3,2.3036158400845816,0.09104761904761904,"[2.3036128871412163, 2.303237406604261, 2.3036158400845816]","[0.09561904761904762, 0.09733333333333333, 0.09104761904761904]"
17,2,2.3010576173483606,0.10304761904761905,"[2.3013502862080033, 2.3013733007821693, 2.3010576173483606]","[0.10361904761904762, 0.10666666666666667, 0.10304761904761905]"
17,5,2.29733188755541,0.11447619047619048,"[2.297968887421022, 2.2979301745633043, 2.29733188755541]","[0.11561904761904762, 0.11066666666666666, 0.11447619047619048]"
17,0,2.2981808041951743,0.11485714285714285,"[2.2986723629825088, 2.2980807143521598, 2.2981808041951743]","[0.11257142857142857, 0.11904761904761904, 0.11485714285714285]"
18,0,2.297330451298909,0.11904761904761904,"[2.2979469873819007, 2.297288529844169, 2.297330451298909]","[0.12038095238095238, 0.12342857142857143, 0.11904761904761904]"
18,7,2.297197152333087,0.1201904761904762,"[2.2980423576860542, 2.2977581110345313, 2.297197152333087]","[0.11447619047619048, 0.11885714285714286, 0.1201904761904762]"
18,2,2.300637239433197,0.10666666666666667,"[2.3009862756154624, 2.3009920867092637, 2.300637239433197]","[0.10476190476190476, 0.10819047619047618, 0.10666666666666667]"
18,3,2.3035273121063966,0.09066666666666667,"[2.3035195563212936, 2.303140594298581, 2.3035273121063966]","[0.09771428571428571, 0.10057142857142858, 0.09066666666666667]"
18,6,2.297320653157062,0.12285714285714286,"[2.297858347375709, 2.297457353178277, 2.297320653157062]","[0.12685714285714286, 0.1219047619047619, 0.12285714285714286]"
18,1,2.2997543380921144,0.11542857142857142,"[2.300109084830227, 2.2999082875539023, 2.2997543380921144]","[0.11028571428571429, 0.11619047619047619, 0.11542857142857142]"
18,5,2.296471055731716,0.11904761904761904,"[2.297248007303261, 2.2971315613712173, 2.296471055731716]","[0.12114285714285715, 0.1158095238095238, 0.11904761904761904]"
18,4,2.298457470284887,0.11257142857142857,"[2.299410524138485, 2.2986575350703964, 2.298457470284887]","[0.11828571428571429, 0.11980952380952381, 0.11257142857142857]"
19,1,2.299033851508635,0.1201904761904762,"[2.2994662796158387, 2.2992186661226204, 2.299033851508635]","[0.11428571428571428, 0.11923809523809524, 0.1201904761904762]"
19,4,2.297402508287545,0.11466666666666667,"[2.298500914171518, 2.297668408198529, 2.297402508287545]","[0.12285714285714286, 0.12495238095238095, 0.11466666666666667]"
19,0,2.296302307082946,0.12266666666666666,"[2.2970809333295708, 2.2963380784873504, 2.296302307082946]","[0.12342857142857143, 0.12533333333333332, 0.12266666666666666]"
19,3,2.3034374369196144,0.09142857142857143,"[2.3034211928585924, 2.3030382753854775, 2.3034374369196144]","[0.09752380952380953, 0.10228571428571429, 0.09142857142857143]"
19,5,2.295427124184298,0.12647619047619046,"[2.2963814620512077, 2.2961719237178206, 2.295427124184298]","[0.12457142857142857, 0.12, 0.12647619047619046]"
19,6,2.296314285462161,0.12647619047619046,"[2.297001502600061, 2.2965118885040283, 2.296314285462161]","[0.12838095238095237, 0.12571428571428572, 0.12647619047619046]"
19,2,2.3001408203538642,0.11085714285714286,"[2.3005573548466325, 2.300540022103183, 2.3001408203538642]","[0.10685714285714286, 0.10819047619047618, 0.11085714285714286]"
19,7,2.296105341738965,0.12514285714285714,"[2.297116472060422, 2.296759412949344, 2.296105341738965]","[0.11638095238095238, 0.12228571428571429, 0.12514285714285714]"
20,6,2.295055929436741,0.13428571428571429,"[2.2959564076848777, 2.2953453609742316, 2.295055929436741]","[0.1337142857142857, 0.13123809523809524, 0.13428571428571429]"
20,0,2.2950263339352897,0.12742857142857142,"[2.2960244287927467, 2.2951675639095077, 2.2950263339352897]","[0.1281904761904762, 0.13238095238095238, 0.12742857142857142]"
20,5,2.29412181406136,0.13295238095238096,"[2.295325687132686, 2.2949863255742087, 2.29412181406136]","[0.12761904761904763, 0.12419047619047618, 0.13295238095238096]"
20,1,2.2981475175145163,0.12380952380952381,"[2.2986839133572867, 2.298370470483619, 2.2981475175145163]","[0.11638095238095238, 0.12209523809523809, 0.12380952380952381]"
20,7,2.294743776321411,0.1299047619047619,"[2.2959906164422095, 2.2955276908644713, 2.294743776321411]","[0.1219047619047619, 0.12780952380952382, 0.1299047619047619]"
20,2,2.2995341456080056,0.11485714285714285,"[2.300039857266897, 2.299990182899567, 2.2995341456080056]","[0.10704761904761904, 0.11276190476190476, 0.11485714285714285]"
20,3,2.3033407280244025,0.09276190476190477,"[2.30331684595131, 2.302926643785224, 2.3033407280244025]","[0.0980952380952381, 0.10361904761904762, 0.09276190476190477]"
20,4,2.2960990595530313,0.1219047619047619,"[2.2974014626928123, 2.2964581983635224, 2.2960990595530313]","[0.1260952380952381, 0.128, 0.1219047619047619]"
21,4,2.2944440382072724,0.12895238095238096,"[2.2960355569081132, 2.2949387165437263, 2.2944440382072724]","[0.13028571428571428, 0.13466666666666666, 0.12895238095238096]"
21,1,2.297029397573816,0.12723809523809523,"[2.2977098212184677, 2.297316407582846, 2.297029397573816]","[0.12057142857142857, 0.1259047619047619, 0.12723809523809523]"
21,3,2.3032378719513673,0.09352380952380952,"[2.303203763731991, 2.302799977451922, 2.3032378719513673]","[0.10057142857142858, 0.10361904761904762, 0.09352380952380952]"
21,7,2.293001488030675,0.13885714285714285,"[2.294579210051571, 2.2939656843622047, 2.293001488030675]","[0.12571428571428572, 0.13542857142857143, 0.13885714285714285]"
21,2,2.298776810427746,0.1158095238095238,"[2.2993967963988524, 2.2993031093873175, 2.298776810427746]","[0.11161904761904762, 0.11619047619047619, 0.1158095238095238]"
21,5,2.2924461623272263,0.13866666666666666,"[2.293998821672187, 2.293482585125659, 2.2924461623272263]","[0.13390476190476192, 0.1316190476190476, 0.13866666666666666]"
21,0,2.293400804680514,0.1358095238095238,"[2.294708297913333, 2.2936977995447365, 2.293400804680514]","[0.13314285714285715, 0.1382857142857143, 0.1358095238095238]"
21,6,2.2934456446084632,0.13942857142857143,"[2.2946481072759055, 2.2938667320343384, 2.2934456446084632]","[0.13847619047619047, 0.14076190476190475, 0.13942857142857143]"
22,1,2.29556339045605,0.13314285714285715,"[2.2964739885674903, 2.295956847179367, 2.29556339045605]","[0.12514285714285714, 0.132, 0.13314285714285715]"
22,2,2.297788226460836,0.11866666666666667,"[2.2985798192311484, 2.298419558858297, 2.297788226460836]","[0.11542857142857142, 0.11904761904761904, 0.11866666666666667]"
22,0,2.291255186839276,0.148,"[2.2930213169879226, 2.291788262057017, 2.291255186839276]","[0.1419047619047619, 0.1459047619047619, 0.148]"
22,3,2.303128693477217,0.09161904761904761,"[2.3030896790056343, 2.3026601923517434, 2.303128693477217]","[0.0998095238095238, 0.104, 0.09161904761904761]"
22,6,2.2913166614900153,0.15066666666666667,"[2.292963657034449, 2.291944814015584, 2.2913166614900153]","[0.14685714285714285, 0.148, 0.15066666666666667]"
22,4,2.2922798524419945,0.1422857142857143,"[2.2943029346236266, 2.29297973736223, 2.2922798524419945]","[0.1379047619047619, 0.14609523809523808, 0.1422857142857143]"
22,7,2.290710426238646,0.15428571428571428,"[2.2927679986838836, 2.29194271420858, 2.290710426238646]","[0.1337142857142857, 0.14552380952380953, 0.15428571428571428]"
22,5,2.2902041142245375,0.15028571428571427,"[2.2922873640634926, 2.2915026078741234, 2.2902041142245375]","[0.14152380952380952, 0.1420952380952381, 0.15028571428571427]"
23,0,2.288330195898033,0.16742857142857143,"[2.2907748164900816, 2.28921060389783, 2.288330195898033]","[0.15542857142857142, 0.16590476190476192, 0.16742857142857143]"
23,5,2.2871548641158874,0.17104761904761906,"[2.290006183716188, 2.2888415491724587, 2.2871548641158874]","[0.15771428571428572, 0.16228571428571428, 0.17104761904761906]"
23,7,2.287609594414033,0.17904761904761904,"[2.2903749425727202, 2.2892347646046836, 2.287609594414033]","[0.14971428571428572, 0.1619047619047619, 0.17904761904761904]"
23,6,2.2884316559297493,0.17142857142857143,"[2.2907351499580475, 2.289384393806917, 2.2884316559297493]","[0.15866666666666668, 0.16457142857142856, 0.17142857142857143]"
23,1,2.293532638664705,0.14152380952380952,"[2.294844101710492, 2.2941318994545075, 2.293532638664705]","[0.13142857142857142, 0.13961904761904761, 0.14152380952380952]"
23,2,2.2964415636407325,0.12419047619047618,"[2.297501925962517, 2.2972375226308066, 2.2964415636407325]","[0.12152380952380952, 0.12380952380952381, 0.12419047619047618]"
23,3,2.3030010217643646,0.092,"[2.302968596837607, 2.302490857710321, 2.3030010217643646]","[0.1, 0.10361904761904762, 0.092]"
23,4,2.289325317704534,0.16152380952380951,"[2.292020432920341, 2.2903498253190375, 2.289325317704534]","[0.15085714285714286, 0.16247619047619047, 0.16152380952380951]"
24,5,2.282778234366911,0.20723809523809525,"[2.286853790283203, 2.285114334290286, 2.282778234366911]","[0.18133333333333335, 0.19180952380952382, 0.20723809523809525]"
24,2,2.2945279213319343,0.13542857142857143,"[2.2959955284394415, 2.2955499729478217, 2.2945279213319343]","[0.12971428571428573, 0.13333333333333333, 0.13542857142857143]"
24,0,2.284182789814041,0.20038095238095238,"[2.287705754659262, 2.2856129364794997, 2.284182789814041]","[0.1819047619047619, 0.19295238095238096, 0.20038095238095238]"
24,3,2.302844630666526,0.09371428571428571,"[2.3028291420764235, 2.302260493657675, 2.302844630666526]","[0.0998095238095238, 0.1041904761904762, 0.09371428571428571]"
24,7,2.2831959896777048,0.20685714285714285,"[2.287105252943843, 2.2854745675282304, 2.2831959896777048]","[0.1763809523809524, 0.18761904761904763, 0.20685714285714285]"
24,1,2.290632362825325,0.16,"[2.292583772935063, 2.2915424927171455, 2.290632362825325]","[0.1417142857142857, 0.15504761904761905, 0.16]"
24,6,2.2843174503510255,0.204,"[2.2877044964985673, 2.2858391095356767, 2.2843174503510255]","[0.1838095238095238, 0.1956190476190476, 0.204]"
24,4,2.2851311758340125,0.1900952380952381,"[2.288909705288439, 2.2866997632635644, 2.2851311758340125]","[0.17447619047619048, 0.1916190476190476, 0.1900952380952381]"
25,2,2.291682590921241,0.15580952380952381,"[2.293806817158159, 2.2930777561233704, 2.291682590921241]","[0.14476190476190476, 0.14514285714285713, 0.15580952380952381]"
25,1,2.286219467599708,0.18761904761904763,"[2.2892890608454324, 2.2877277983240334, 2.286219467599708]","[0.16228571428571428, 0.1761904761904762, 0.18761904761904763]"
25,6,2.277869043580021,0.2401904761904762,"[2.283319599657174, 2.2805301396243545, 2.277869043580021]","[0.216, 0.23142857142857143, 0.2401904761904762]"
25,3,2.302607780479523,0.0958095238095238,"[2.3026345379381294, 2.3019342020333533, 2.302607780479523]","[0.10038095238095238, 0.1059047619047619, 0.0958095238095238]"
25,5,2.2759977593479386,0.24285714285714285,"[2.282280172210142, 2.279550652906119, 2.2759977593479386]","[0.21428571428571427, 0.23085714285714284, 0.24285714285714285]"
25,4,2.2785630628287072,0.22266666666666668,"[2.2844108644738257, 2.2812414514013084, 2.2785630628287072]","[0.20533333333333334, 0.22780952380952382, 0.22266666666666668]"
25,0,2.2777567915169588,0.23542857142857143,"[2.283282564347049, 2.2802631108157607, 2.2777567915169588]","[0.21371428571428572, 0.22857142857142856, 0.23542857142857143]"
25,7,2.276240509676646,0.23638095238095239,"[2.2823870325663003, 2.2798050857452026, 2.276240509676646]","[0.212, 0.2260952380952381, 0.23638095238095239]"
26,3,2.3022478258753396,0.10476190476190476,"[2.3024235604757286, 2.301494342735015, 2.3022478258753396]","[0.10438095238095238, 0.10971428571428571, 0.10476190476190476]"
26,1,2.278700061591275,0.21047619047619048,"[2.2840423440358726, 2.281397448964866, 2.278700061591275]","[0.18971428571428572, 0.19942857142857143, 0.21047619047619048]"
26,7,2.2642718079578446,0.2613333333333333,"[2.2748374737888932, 2.2703637732080666, 2.2642718079578446]","[0.252, 0.25961904761904764, 0.2613333333333333]"
26,0,2.266648263816374,0.27104761904761904,"[2.2762040517416344, 2.271350992731301, 2.266648263816374]","[0.2459047619047619, 0.26095238095238094, 0.27104761904761904]"
26,4,2.2673620631895868,0.25161904761904763,"[2.2772339797881713, 2.2721500224377738, 2.2673620631895868]","[0.2377142857142857, 0.2613333333333333, 0.25161904761904763]"
26,6,2.26673262952322,0.2683809523809524,"[2.276291829993926, 2.271641527313784, 2.26673262952322]","[0.2500952380952381, 0.2653333333333333, 0.2683809523809524]"
26,2,2.2870588360062563,0.18323809523809523,"[2.2903869123343963, 2.289104748921222, 2.2870588360062563]","[0.16457142857142856, 0.16933333333333334, 0.18323809523809523]"
26,5,2.264263267976692,0.27104761904761904,"[2.2749442968023827, 2.2702153791864235, 2.264263267976692]","[0.2510476190476191, 0.26457142857142857, 0.27104761904761904]"
27,1,2.2649055819913566,0.24076190476190476,"[2.2749499068202743, 2.270165190639266, 2.2649055819913566]","[0.21619047619047618, 0.21828571428571428, 0.24076190476190476]"
27,3,2.3015447697007514,0.11066666666666666,"[2.3022143869514924, 2.3007706705346167, 2.3015447697007514]","[0.10552380952380952, 0.11504761904761905, 0.11066666666666666]"
27,2,2.278755345976496,0.21161904761904762,"[2.284585872328425, 2.2821892686637053, 2.278755345976496]","[0.18076190476190476, 0.192, 0.21161904761904762]"
27,6,2.2452641711177597,0.28819047619047616,"[2.2640863470284334, 2.2555972438260734, 2.2452641711177597]","[0.2756190476190476, 0.28819047619047616, 0.28819047619047616]"
27,5,2.2415460965719567,0.28895238095238096,"[2.2621026900877435, 2.253356775605535, 2.2415460965719567]","[0.2841904761904762, 0.2845714285714286, 0.28895238095238096]"
27,4,2.2457543654614183,0.26476190476190475,"[2.2647436469434257, 2.2556405555771057, 2.2457543654614183]","[0.2624761904761905, 0.2822857142857143, 0.26476190476190475]"
27,7,2.2409840664231635,0.2775238095238095,"[2.2615948297891273, 2.253134733223053, 2.2409840664231635]","[0.2803809523809524, 0.2798095238095238, 0.2775238095238095]"
27,0,2.2451040055378373,0.2897142857142857,"[2.263836429779788, 2.255098391728229, 2.2451040055378373]","[0.2761904761904762, 0.2836190476190476, 0.2897142857142857]"
28,0,2.191714214991374,0.3041904761904762,"[2.2389113443443573, 2.2191923210419806, 2.191714214991374]","[0.2944761904761905, 0.29733333333333334, 0.3041904761904762]"
28,7,2.183116012308971,0.2803809523809524,"[2.234928521765284, 2.215005420776735, 2.183116012308971]","[0.2904761904761905, 0.28323809523809523, 0.2803809523809524]"
28,5,2.1854627821818893,0.296,"[2.2363827429622054, 2.2163471802171455, 2.1854627821818893]","[0.2998095238095238, 0.29714285714285715, 0.296]"
28,3,2.299942392900766,0.11257142857142857,"[2.301830826035465, 2.299189245844462, 2.299942392900766]","[0.10838095238095238, 0.12380952380952381, 0.11257142857142857]"
28,1,2.2324433412896583,0.26304761904761903,"[2.2567157400659767, 2.246112257601267, 2.2324433412896583]","[0.2339047619047619, 0.2398095238095238, 0.26304761904761903]"
28,4,2.1924897504140097,0.2740952380952381,"[2.2396190453724687, 2.2193268666784447, 2.1924897504140097]","[0.2794285714285714, 0.288, 0.2740952380952381]"
28,6,2.191986104091966,0.29904761904761906,"[2.2394584431705704, 2.2200445180915924, 2.191986104091966]","[0.29219047619047617, 0.29847619047619045, 0.29904761904761906]"
28,2,2.2601970592177056,0.23352380952380952,"[2.2730135429336364, 2.267730595117592, 2.2601970592177056]","[0.20266666666666666, 0.21009523809523808, 0.23352380952380952]"
29,2,2.2016917021877793,0.2510476190476191,"[2.242527915770749, 2.2258435990436967, 2.2016917021877793]","[0.21219047619047618, 0.22666666666666666, 0.2510476190476191]"
29,7,1.997638182467725,0.2937142857142857,"[2.1642816641244544, 2.100893330861287, 1.997638182467725]","[0.3017142857142857, 0.2977142857142857, 0.2937142857142857]"
29,3,2.2960805490792517,0.1219047619047619,"[2.300593505422753, 2.2950047470000854, 2.2960805490792517]","[0.11352380952380953, 0.12723809523809523, 0.1219047619047619]"
29,6,2.0153460114835258,0.32266666666666666,"[2.173886356583561, 2.113020741795919, 2.0153460114835258]","[0.3062857142857143, 0.31542857142857145, 0.32266666666666666]"
29,5,2.0036897156611984,0.3198095238095238,"[2.168268847178264, 2.105701661971678, 2.0036897156611984]","[0.3076190476190476, 0.30742857142857144, 0.3198095238095238]"
29,4,2.017474835177502,0.29942857142857143,"[2.1731023960802927, 2.1102704513503845, 2.017474835177502]","[0.29219047619047617, 0.29619047619047617, 0.29942857142857143]"
29,0,2.0144272568714188,0.3264761904761905,"[2.172429030200085, 2.1103948742510323, 2.0144272568714188]","[0.30247619047619045, 0.3059047619047619, 0.3264761904761905]"
29,1,2.1264857929873178,0.27885714285714286,"[2.2089386331029686, 2.1757943170616425, 2.1264857929873178]","[0.2500952380952381, 0.26476190476190475, 0.27885714285714286]"
30,1,1.8011926699833698,0.3497142857142857,"[2.0413366714155816, 1.9287302953651153, 1.8011926699833698]","[0.2845714285714286, 0.31066666666666665, 0.3497142857142857]"
30,5,1.6091974758240113,0.4276190476190476,"[1.942027159484036, 1.7776158444852714, 1.6091974758240113]","[0.3417142857142857, 0.37352380952380954, 0.4276190476190476]"
30,3,2.2827697776886353,0.13676190476190475,"[2.2939790961254074, 2.280999522611319, 2.2827697776886353]","[0.1219047619047619, 0.13447619047619047, 0.13676190476190475]"
30,2,1.963138079068747,0.308,"[2.1269593640982385, 2.0554449285369323, 1.963138079068747]","[0.24704761904761904, 0.27485714285714286, 0.308]"
30,7,1.6150987492986473,0.4066666666666667,"[1.9308697516659656, 1.7714137025626309, 1.6150987492986473]","[0.3453333333333333, 0.3628571428571429, 0.4066666666666667]"
30,4,1.6228593142635852,0.4139047619047619,"[1.9505310044231186, 1.781205206032259, 1.6228593142635852]","[0.32704761904761903, 0.37333333333333335, 0.4139047619047619]"
30,0,1.6203411803188095,0.424,"[1.9474170782479896, 1.7771453311644405, 1.6203411803188095]","[0.3356190476190476, 0.37104761904761907, 0.424]"
30,6,1.6113310520907482,0.42228571428571426,"[1.952152984688081, 1.7835014498377422, 1.6113310520907482]","[0.3453333333333333, 0.372952380952381, 0.42228571428571426]"
31,3,2.241053271006389,0.16285714285714287,"[2.2723095359572447, 2.241198918905603, 2.241053271006389]","[0.14342857142857143, 0.15904761904761905, 0.16285714285714287]"
31,1,1.4918051599019981,0.4419047619047619,"[1.6993082072361405, 1.587990225079548, 1.4918051599019981]","[0.37333333333333335, 0.41085714285714287, 0.4419047619047619]"
31,6,1.2873134799750454,0.516,"[1.5522220436348972, 1.4037810046988797, 1.2873134799750454]","[0.4502857142857143, 0.4763809523809524, 0.516]"
31,4,1.3029390171349766,0.5144761904761905,"[1.5509341754109027, 1.3999991187130112, 1.3029390171349766]","[0.44647619047619047, 0.4859047619047619, 0.5144761904761905]"
31,5,1.3018722720893032,0.5127619047619048,"[1.5425635016108135, 1.407116539507027, 1.3018722720893032]","[0.4601904761904762, 0.48838095238095236, 0.5127619047619048]"
31,7,1.3031301778483104,0.5129523809523809,"[1.5304854691746723, 1.4042500056416156, 1.3031301778483104]","[0.4531428571428571, 0.4820952380952381, 0.5129523809523809]"
31,0,1.3069118045898804,0.5184761904761904,"[1.5455297073685978, 1.3995175993586162, 1.3069118045898804]","[0.45561904761904765, 0.48933333333333334, 0.5184761904761904]"
31,2,1.660199281681015,0.39161904761904764,"[1.8457509523414704, 1.744845825505544, 1.660199281681015]","[0.32780952380952383, 0.3636190476190476, 0.39161904761904764]"
32,6,1.0995969133204724,0.5860952380952381,"[1.2665666700845741, 1.1733771354319102, 1.0995969133204724]","[0.5297142857142857, 0.5584761904761905, 0.5860952380952381]"
32,5,1.1235027894916305,0.5708571428571428,"[1.2601514322211944, 1.1853590722543648, 1.1235027894916305]","[0.5367619047619048, 0.5611428571428572, 0.5708571428571428]"
32,2,1.4693805209125381,0.4659047619047619,"[1.6173921622425678, 1.5357012583548764, 1.4693805209125381]","[0.4022857142857143, 0.44057142857142856, 0.4659047619047619]"
32,0,1.1194138498191375,0.5834285714285714,"[1.2600965916392315, 1.1700494174497673, 1.1194138498191375]","[0.5337142857142857, 0.5624761904761905, 0.5834285714285714]"
32,7,1.1230407335672035,0.5779047619047619,"[1.2504210184855633, 1.1813377120408668, 1.1230407335672035]","[0.5394285714285715, 0.5521904761904762, 0.5779047619047619]"
32,3,2.201591773205493,0.18971428571428572,"[2.238760106534843, 2.197406507400145, 2.201591773205493]","[0.16476190476190475, 0.188, 0.18971428571428572]"
32,1,1.2933510010500988,0.5222857142857142,"[1.43769792619958, 1.3648962960185775, 1.2933510010500988]","[0.4561904761904762, 0.49866666666666665, 0.5222857142857142]"
32,4,1.117337361875787,0.5811428571428572,"[1.2626446406525302, 1.1711408381002495, 1.117337361875787]","[0.535047619047619, 0.5586666666666666, 0.5811428571428572]"
33,0,1.005540648856795,0.6249523809523809,"[1.0879555057330303, 1.0319070830402604, 1.005540648856795]","[0.6, 0.6177142857142857, 0.6249523809523809]"
33,6,0.989135739314987,0.6257142857142857,"[1.0952512959399856, 1.0353165347892117, 0.989135739314987]","[0.5876190476190476, 0.6072380952380952, 0.6257142857142857]"
33,3,2.1888747674873077,0.19942857142857143,"[2.2066483540707322, 2.1755353686321213, 2.1888747674873077]","[0.18895238095238095, 0.2062857142857143, 0.19942857142857143]"
33,1,1.1658133455069668,0.5758095238095238,"[1.2629426416144314, 1.2160916622862759, 1.1658133455069668]","[0.5327619047619048, 0.5643809523809524, 0.5758095238095238]"
33,2,1.34388510146773,0.5217142857142857,"[1.4589303164597016, 1.3929369873311146, 1.34388510146773]","[0.4613333333333333, 0.5019047619047619, 0.5217142857142857]"
33,4,1.0028553597898369,0.6241904761904762,"[1.0902056765843586, 1.0307011920285511, 1.0028553597898369]","[0.5929523809523809, 0.6095238095238096, 0.6241904761904762]"
33,5,1.013686684240778,0.6167619047619047,"[1.0929861808397683, 1.0560449763952968, 1.013686684240778]","[0.5935238095238096, 0.6072380952380952, 0.6167619047619047]"
33,7,1.0156336369284664,0.6180952380952381,"[1.086261327367231, 1.049463279276009, 1.0156336369284664]","[0.5975238095238096, 0.6022857142857143, 0.6180952380952381]"
34,0,0.9361225323504713,0.6548571428571428,"[0.9845594462141933, 0.9515735521373978, 0.9361225323504713]","[0.6354285714285715, 0.6464761904761904, 0.6548571428571428]"
34,4,0.9299150059022099,0.6487619047619048,"[0.9866507505796042, 0.9465947969850287, 0.9299150059022099]","[0.6287619047619047, 0.6445714285714286, 0.6487619047619048]"
34,7,0.9480585606701403,0.6411428571428571,"[0.9895912696080036, 0.9701662810452013, 0.9480585606701403]","[0.6306666666666667, 0.6327619047619047, 0.6411428571428571]"
34,2,1.2701360181153538,0.5531428571428572,"[1.3533258071864944, 1.3023266390145543, 1.2701360181153538]","[0.5099047619047619, 0.5394285714285715, 0.5531428571428572]"
34,5,0.9467672985720347,0.6443809523809524,"[0.9946428041860281, 0.9825322466442384, 0.9467672985720347]","[0.6255238095238095, 0.6369523809523809, 0.6443809523809524]"
34,1,1.0883120147578687,0.6070476190476191,"[1.148562838514167, 1.1236140548464764, 1.0883120147578687]","[0.5822857142857143, 0.5967619047619047, 0.6070476190476191]"
34,3,2.1760895223502654,0.2057142857142857,"[2.188845743615943, 2.1695036342345086, 2.1760895223502654]","[0.19942857142857143, 0.2140952380952381, 0.2057142857142857]"
34,6,0.9241056664880499,0.6491428571428571,"[0.9938035643244364, 0.9550892646054188, 0.9241056664880499]","[0.6230476190476191, 0.6398095238095238, 0.6491428571428571]"
35,4,0.8786389554839537,0.6693333333333333,"[0.9219992670668177, 0.8911413191312767, 0.8786389554839537]","[0.6527619047619048, 0.6681904761904762, 0.6693333333333333]"
35,1,1.0377926388418819,0.6260952380952381,"[1.0762411054358425, 1.0675006063587695, 1.0377926388418819]","[0.6078095238095238, 0.6192380952380953, 0.6260952380952381]"
35,3,2.182753890393728,0.21485714285714286,"[2.1833673270351914, 2.166222132832171, 2.182753890393728]","[0.204, 0.21619047619047618, 0.21485714285714286]"
35,5,0.9036025182310358,0.663047619047619,"[0.9360940205045494, 0.9360178382281797, 0.9036025182310358]","[0.6472380952380953, 0.6542857142857142, 0.663047619047619]"
35,0,0.8892269349959959,0.6700952380952381,"[0.9220322521336107, 0.9015173926410904, 0.8892269349959959]","[0.660952380952381, 0.6647619047619048, 0.6700952380952381]"
35,7,0.9045584578830076,0.664,"[0.9305166533912521, 0.9182683660323361, 0.9045584578830076]","[0.6546666666666666, 0.6516190476190477, 0.664]"
35,6,0.8815989630768098,0.6668571428571428,"[0.9319024768220373, 0.9040053465280188, 0.8815989630768098]","[0.6487619047619048, 0.66, 0.6668571428571428]"
35,2,1.2234347570373352,0.5653333333333334,"[1.285050019442317, 1.246204241212592, 1.2234347570373352]","[0.54, 0.5563809523809524, 0.5653333333333334]"
36,1,1.00333310394402,0.6342857142857142,"[1.0283207081886658, 1.0250979597309986, 1.00333310394402]","[0.6297142857142857, 0.6316190476190476, 0.6342857142857142]"
36,3,2.192469010870141,0.208,"[2.1756137106792037, 2.164683657956411, 2.192469010870141]","[0.21333333333333335, 0.21923809523809523, 0.208]"
36,2,1.1923840045928955,0.5765714285714286,"[1.2392888693924409, 1.2087286243955773, 1.1923840045928955]","[0.5588571428571428, 0.5704761904761905, 0.5765714285714286]"
36,0,0.8552133455333939,0.6813333333333333,"[0.8808671753090548, 0.8656049758554941, 0.8552133455333939]","[0.6761904761904762, 0.6786666666666666, 0.6813333333333333]"
36,6,0.8486909801701465,0.6780952380952381,"[0.8899729661194675, 0.8674860582294235, 0.8486909801701465]","[0.6634285714285715, 0.6716190476190477, 0.6780952380952381]"
36,4,0.8410941017679421,0.6796190476190476,"[0.8778339408966432, 0.8524893974683371, 0.8410941017679421]","[0.6716190476190477, 0.6881904761904762, 0.6796190476190476]"
36,7,0.8720060400215977,0.6758095238095239,"[0.8907725293952299, 0.8814165857901056, 0.8720060400215977]","[0.6672380952380952, 0.668952380952381, 0.6758095238095239]"
36,5,0.8721202382122177,0.6754285714285714,"[0.8941985067114773, 0.8983530578124954, 0.8721202382122177]","[0.6655238095238095, 0.6693333333333333, 0.6754285714285714]"
37,7,0.8455718159675598,0.6887619047619048,"[0.8600624954125967, 0.8514135537377323, 0.8455718159675598]","[0.6777142857142857, 0.6767619047619048, 0.6887619047619048]"
37,5,0.8453893733311848,0.684,"[0.8636059251176306, 0.8725659524101809, 0.8453893733311848]","[0.679047619047619, 0.6805714285714286, 0.684]"
37,1,0.974703174039542,0.6422857142857142,"[0.994652501071792, 0.996238597186215, 0.974703174039542]","[0.6369523809523809, 0.6417142857142857, 0.6422857142857142]"
37,3,2.18570651203753,0.20933333333333334,"[2.1755521182554314, 2.161688985594784, 2.18570651203753]","[0.21714285714285714, 0.21485714285714286, 0.20933333333333334]"
37,4,0.8108320731714548,0.6937142857142857,"[0.8432360521282058, 0.8216478759983936, 0.8108320731714548]","[0.6822857142857143, 0.6979047619047619, 0.6937142857142857]"
37,0,0.8298683762550354,0.6891428571428572,"[0.8494702132351427, 0.8377518079367029, 0.8298683762550354]","[0.6885714285714286, 0.691047619047619, 0.6891428571428572]"
37,6,0.8231566239552326,0.6900952380952381,"[0.8584432795823339, 0.8386117263012621, 0.8231566239552326]","[0.6773333333333333, 0.6798095238095239, 0.6900952380952381]"
37,2,1.1674730127834412,0.5862857142857143,"[1.2059255953294685, 1.1800779527928456, 1.1674730127834412]","[0.5744761904761905, 0.5811428571428572, 0.5862857142857143]"
38,1,0.9551834069102644,0.6474285714285715,"[0.9687176964369165, 0.9755634378237896, 0.9551834069102644]","[0.6453333333333333, 0.6472380952380953, 0.6474285714285715]"
38,3,2.1898631676133857,0.20685714285714285,"[2.1748142070080863, 2.1670420773058052, 2.1898631676133857]","[0.21066666666666667, 0.21657142857142858, 0.20685714285714285]"
38,2,1.1492638799799495,0.591047619047619,"[1.1808595894330955, 1.1598085520497288, 1.1492638799799495]","[0.5803809523809523, 0.5878095238095238, 0.591047619047619]"
38,6,0.8013126512607897,0.6961904761904761,"[0.8331932396773832, 0.8164144883672875, 0.8013126512607897]","[0.6853333333333333, 0.6900952380952381, 0.6961904761904761]"
38,5,0.8267488091825003,0.6897142857142857,"[0.8399712256638401, 0.8481065042047615, 0.8267488091825003]","[0.6857142857142857, 0.6904761904761905, 0.6897142857142857]"
38,7,0.8195248849420662,0.6971428571428572,"[0.8344697700925621, 0.8294133055640991, 0.8195248849420662]","[0.6902857142857143, 0.6862857142857143, 0.6971428571428572]"
38,4,0.7863444082708244,0.7047619047619048,"[0.8164502245834074, 0.7961816895438965, 0.7863444082708244]","[0.6899047619047619, 0.7055238095238096, 0.7047619047619048]"
38,0,0.8078593769705439,0.6977142857142857,"[0.8243703030678163, 0.8150868940066143, 0.8078593769705439]","[0.7005714285714286, 0.6988571428571428, 0.6977142857142857]"
39,0,0.7888523153511875,0.7078095238095238,"[0.8039639010486832, 0.7970475525741118, 0.7888523153511875]","[0.7093333333333334, 0.707047619047619, 0.7078095238095238]"
39,1,0.9383313382964537,0.6561904761904762,"[0.9474632517400995, 0.953425568270396, 0.9383313382964537]","[0.6561904761904762, 0.6544761904761904, 0.6561904761904762]"
39,7,0.8007815663354942,0.7059047619047619,"[0.814568048500153, 0.810128881270627, 0.8007815663354942]","[0.6988571428571428, 0.6918095238095238, 0.7059047619047619]"
39,4,0.7669449951275286,0.7116190476190476,"[0.7936302053641124, 0.7754986393882568, 0.7669449951275286]","[0.6979047619047619, 0.7127619047619047, 0.7116190476190476]"
39,5,0.8094849924007094,0.7013333333333334,"[0.8211498411304979, 0.8267334214894169, 0.8094849924007094]","[0.6944761904761905, 0.699047619047619, 0.7013333333333334]"
39,3,2.190972233393106,0.2062857142857143,"[2.175308720175042, 2.1643003526940405, 2.190972233393106]","[0.20914285714285713, 0.22038095238095237, 0.2062857142857143]"
39,6,0.7829232011214796,0.7036190476190476,"[0.8126803148223694, 0.7971567590552641, 0.7829232011214796]","[0.6939047619047619, 0.6967619047619048, 0.7036190476190476]"
39,2,1.131909312613039,0.5979047619047619,"[1.1603140690958644, 1.1404197539191647, 1.131909312613039]","[0.5866666666666667, 0.5958095238095238, 0.5979047619047619]"
40,5,0.7931925438972841,0.7043809523809523,"[0.8040459012410727, 0.8113612205867308, 0.7931925438972841]","[0.7007619047619048, 0.704952380952381, 0.7043809523809523]"
40,2,1.1200725299766265,0.6020952380952381,"[1.1434222481336938, 1.1272867092167038, 1.1200725299766265]","[0.5899047619047619, 0.5998095238095238, 0.6020952380952381]"
40,0,0.7727005295006626,0.7123809523809523,"[0.7870873837585909, 0.7798088911068008, 0.7727005295006626]","[0.7144761904761905, 0.7133333333333334, 0.7123809523809523]"
40,7,0.7845378970525351,0.7121904761904762,"[0.7975721215627279, 0.7925673202577844, 0.7845378970525351]","[0.7091428571428572, 0.7, 0.7121904761904762]"
40,6,0.7661746040166143,0.7104761904761905,"[0.7953012327113783, 0.7798080918300583, 0.7661746040166143]","[0.7001904761904761, 0.7064761904761905, 0.7104761904761905]"
40,3,2.182684415794281,0.21885714285714286,"[2.1870485888906273, 2.1729913332376136, 2.182684415794281]","[0.20952380952380953, 0.2139047619047619, 0.21885714285714286]"
40,4,0.7495528466730232,0.7184761904761905,"[0.7740378221833563, 0.7568519079541586, 0.7495528466730232]","[0.7057142857142857, 0.7196190476190476, 0.7184761904761905]"
40,1,0.9196256564324161,0.6603809523809524,"[0.9309549360390169, 0.9416021460510162, 0.9196256564324161]","[0.6613333333333333, 0.6556190476190477, 0.6603809523809524]"
41,1,0.9111986720418356,0.663047619047619,"[0.916321282645306, 0.9285391138260624, 0.9111986720418356]","[0.6647619047619048, 0.6577142857142857, 0.663047619047619]"
41,5,0.7809999247631395,0.7085714285714285,"[0.7890683118119297, 0.7955922979906381, 0.7809999247631395]","[0.7093333333333334, 0.7093333333333334, 0.7085714285714285]"
41,4,0.734185289905732,0.723047619047619,"[0.7570906198886503, 0.7412366500820022, 0.734185289905732]","[0.7083809523809523, 0.724, 0.723047619047619]"
41,3,2.1969907930098382,0.20723809523809525,"[2.180034648941224, 2.1737134183745788, 2.1969907930098382]","[0.2139047619047619, 0.21161904761904762, 0.20723809523809525]"
41,2,1.104953543249383,0.6041904761904762,"[1.1300833735121303, 1.113635230495269, 1.104953543249383]","[0.5958095238095238, 0.6041904761904762, 0.6041904761904762]"
41,7,0.7706546406429934,0.7165714285714285,"[0.7828082952154688, 0.7777368771024498, 0.7706546406429934]","[0.7137142857142857, 0.7041904761904761, 0.7165714285714285]"
41,0,0.75806012929204,0.7171428571428572,"[0.7722219663212099, 0.7656583154057882, 0.75806012929204]","[0.7201904761904762, 0.7154285714285714, 0.7171428571428572]"
41,6,0.7525542371244316,0.7156190476190476,"[0.7797831857060812, 0.7649462262550032, 0.7525542371244316]","[0.7087619047619048, 0.7104761904761905, 0.7156190476190476]"
42,0,0.7454949976449989,0.724,"[0.7594971692705729, 0.7515060269688986, 0.7454949976449989]","[0.7236190476190476, 0.7236190476190476, 0.724]"
42,5,0.7689563326806907,0.712952380952381,"[0.7761173442185644, 0.7823224211313639, 0.7689563326806907]","[0.7148571428571429, 0.7146666666666667, 0.712952380952381]"
42,1,0.894055749996599,0.6674285714285715,"[0.9023710956056434, 0.9187736820025616, 0.894055749996599]","[0.6700952380952381, 0.6605714285714286, 0.6674285714285715]"
42,2,1.0931847117033349,0.6091428571428571,"[1.11845536978848, 1.1036414414285176, 1.0931847117033349]","[0.5994285714285714, 0.6055238095238096, 0.6091428571428571]"
42,3,2.178897979747818,0.21428571428571427,"[2.1792477728372597, 2.170353702751987, 2.178897979747818]","[0.20857142857142857, 0.22057142857142858, 0.21428571428571427]"
42,7,0.7566982744688011,0.7213333333333334,"[0.7694264668298055, 0.7646626155060458, 0.7566982744688011]","[0.7186666666666667, 0.7114285714285714, 0.7213333333333334]"
42,4,0.7211041306874838,0.7285714285714285,"[0.7419110597616219, 0.726982186357659, 0.7211041306874838]","[0.7167619047619047, 0.7272380952380952, 0.7285714285714285]"
42,6,0.740322470664978,0.7234285714285714,"[0.765878573957696, 0.7514407426477915, 0.740322470664978]","[0.712, 0.7137142857142857, 0.7234285714285714]"
43,0,0.7334353033318577,0.7278095238095238,"[0.7476562110774488, 0.7398193230830044, 0.7334353033318577]","[0.7268571428571429, 0.7289523809523809, 0.7278095238095238]"
43,4,0.7093632576695408,0.7335238095238096,"[0.7279935752052858, 0.7142080678997269, 0.7093632576695408]","[0.7222857142857143, 0.7342857142857143, 0.7335238095238096]"
43,7,0.744212441774736,0.7264761904761905,"[0.7570497705993882, 0.7532573783972177, 0.744212441774736]","[0.7243809523809523, 0.7177142857142857, 0.7264761904761905]"
43,1,0.8897546572857592,0.6737142857142857,"[0.8900997595614698, 0.904220700263977, 0.8897546572857592]","[0.672952380952381, 0.6662857142857143, 0.6737142857142857]"
43,3,2.1995387939085442,0.20457142857142857,"[2.1786452388188926, 2.1779514565525284, 2.1995387939085442]","[0.2083809523809524, 0.21657142857142858, 0.20457142857142857]"
43,2,1.0851918369172566,0.6131428571428571,"[1.1069169557956329, 1.0966097371405865, 1.0851918369172566]","[0.6051428571428571, 0.6076190476190476, 0.6131428571428571]"
43,5,0.7588285021035068,0.7192380952380952,"[0.7625281853848193, 0.7690365511968912, 0.7588285021035068]","[0.7224761904761905, 0.7205714285714285, 0.7192380952380952]"
43,6,0.7281368112707712,0.7276190476190476,"[0.7532416276903038, 0.7384121780654034, 0.7281368112707712]","[0.7148571428571429, 0.7201904761904762, 0.7276190476190476]"
44,2,1.0727625668766987,0.6180952380952381,"[1.0957393958626023, 1.0816691751221577, 1.0727625668766987]","[0.6081904761904762, 0.6125714285714285, 0.6180952380952381]"
44,0,0.7228159283299044,0.732,"[0.7368280564446047, 0.7284736909780157, 0.7228159283299044]","[0.7304761904761905, 0.7350476190476191, 0.732]"
44,7,0.7333060747169586,0.7308571428571429,"[0.7461351658924517, 0.7416002542139536, 0.7333060747169586]","[0.727047619047619, 0.7192380952380952, 0.7308571428571429]"
44,6,0.7193835571587804,0.7291428571428571,"[0.7417568801397301, 0.727002866296883, 0.7193835571587804]","[0.7205714285714285, 0.7247619047619047, 0.7291428571428571]"
44,5,0.7483109688184347,0.7232380952380952,"[0.7514903947531458, 0.7559811397489294, 0.7483109688184347]","[0.7251428571428571, 0.7228571428571429, 0.7232380952380952]"
44,1,0.8774293797561922,0.6767619047619048,"[0.8791213566998402, 0.895500189568623, 0.8774293797561922]","[0.6765714285714286, 0.6714285714285714, 0.6767619047619048]"
44,4,0.6974442270864923,0.7390476190476191,"[0.7164328715887415, 0.7030840850020029, 0.6974442270864923]","[0.7259047619047619, 0.7403809523809524, 0.7390476190476191]"
44,3,2.1746964038136496,0.21657142857142858,"[2.173672668905143, 2.171351432800293, 2.1746964038136496]","[0.20971428571428571, 0.2158095238095238, 0.21657142857142858]"
45,1,0.8663884501859366,0.6780952380952381,"[0.8696492149169186, 0.8855796894395208, 0.8663884501859366]","[0.6801904761904762, 0.6748571428571428, 0.6780952380952381]"
45,0,0.7128948580069714,0.7354285714285714,"[0.7253111521881747, 0.7176432857312351, 0.7128948580069714]","[0.7342857142857143, 0.7386666666666667, 0.7354285714285714]"
45,7,0.7222473951707403,0.7337142857142858,"[0.7353383690477854, 0.7313634731683386, 0.7222473951707403]","[0.7304761904761905, 0.7224761904761905, 0.7337142857142858]"
45,4,0.6868183300437698,0.7420952380952381,"[0.7048593676951994, 0.6916843142854162, 0.6868183300437698]","[0.7325714285714285, 0.7415238095238095, 0.7420952380952381]"
45,3,2.196041421717908,0.20742857142857143,"[2.181628273194095, 2.1788190675069052, 2.196041421717908]","[0.2081904761904762, 0.21295238095238095, 0.20742857142857143]"
45,6,0.7089226209973715,0.7367619047619047,"[0.7309159449784153, 0.7163849523268551, 0.7089226209973715]","[0.7243809523809523, 0.7312380952380952, 0.7367619047619047]"
45,5,0.7389696473816791,0.7257142857142858,"[0.7410717890205154, 0.7445112894098442, 0.7389696473816791]","[0.7287619047619047, 0.727047619047619, 0.7257142857142858]"
45,2,1.0686144218387374,0.6201904761904762,"[1.0870338506009205, 1.0756367506032967, 1.0686144218387374]","[0.6133333333333333, 0.6161904761904762, 0.6201904761904762]"
46,0,0.7025469588228019,0.7375238095238095,"[0.7160227873239172, 0.7080436356096382, 0.7025469588228019]","[0.7386666666666667, 0.741904761904762, 0.7375238095238095]"
46,6,0.6991320952593562,0.7371428571428571,"[0.7205635779593365, 0.7064066195344351, 0.6991320952593562]","[0.7297142857142858, 0.7325714285714285, 0.7371428571428571]"
46,3,2.1946680028754546,0.204,"[2.1770393805331496, 2.170144971594753, 2.1946680028754546]","[0.21485714285714286, 0.21847619047619046, 0.204]"
46,7,0.7111638551016888,0.7375238095238095,"[0.7254049995218415, 0.7214791968644384, 0.7111638551016888]","[0.7337142857142858, 0.7276190476190476, 0.7375238095238095]"
46,2,1.057285597166383,0.6196190476190476,"[1.0799620629075062, 1.0667722311364598, 1.057285597166383]","[0.6156190476190476, 0.6188571428571429, 0.6196190476190476]"
46,4,0.6775343813091875,0.7449523809523809,"[0.694609838077821, 0.6813454344330063, 0.6775343813091875]","[0.7398095238095238, 0.7436190476190476, 0.7449523809523809]"
46,1,0.8582893272480333,0.6847619047619048,"[0.8604852176574339, 0.8803314401442746, 0.8582893272480333]","[0.6851428571428572, 0.6765714285714286, 0.6847619047619048]"
46,5,0.7288459654313972,0.7310476190476191,"[0.7318163722394461, 0.7340438549058983, 0.7288459654313972]","[0.7310476190476191, 0.7300952380952381, 0.7310476190476191]"
47,6,0.6910223657467279,0.7415238095238095,"[0.7111014960760094, 0.6969422410769635, 0.6910223657467279]","[0.733904761904762, 0.7367619047619047, 0.7415238095238095]"
47,1,0.8476001993719354,0.6857142857142857,"[0.8514064658119018, 0.8688294036560748, 0.8476001993719354]","[0.6872380952380952, 0.6786666666666666, 0.6857142857142857]"
47,2,1.0497307885124023,0.6249523809523809,"[1.0703637406050441, 1.0572899757738572, 1.0497307885124023]","[0.62, 0.621904761904762, 0.6249523809523809]"
47,0,0.6936428762343992,0.7411428571428571,"[0.7071231470768711, 0.698195227657456, 0.6936428762343992]","[0.7420952380952381, 0.7455238095238095, 0.7411428571428571]"
47,4,0.6681408354316849,0.7491428571428571,"[0.6844296362026628, 0.6715186715844166, 0.6681408354316849]","[0.7394285714285714, 0.7470476190476191, 0.7491428571428571]"
47,7,0.7015397142933075,0.741904761904762,"[0.7161594794457218, 0.7117875132216028, 0.7015397142933075]","[0.7354285714285714, 0.7337142857142858, 0.741904761904762]"
47,3,2.1858131871166,0.2057142857142857,"[2.1832255685185813, 2.181148628154433, 2.1858131871166]","[0.21219047619047618, 0.21219047619047618, 0.2057142857142857]"
47,5,0.7195052558399109,0.7323809523809524,"[0.7227527064731322, 0.7266095009553863, 0.7195052558399109]","[0.733904761904762, 0.7335238095238096, 0.7323809523809524]"
48,2,1.0434895240398774,0.6283809523809524,"[1.0636578150183322, 1.0495324869112796, 1.0434895240398774]","[0.6198095238095238, 0.6251428571428571, 0.6283809523809524]"
48,1,0.8453205730541643,0.6887619047619048,"[0.844582604356559, 0.862983372915222, 0.8453205730541643]","[0.6899047619047619, 0.680952380952381, 0.6887619047619048]"
48,6,0.6826707582516842,0.7428571428571429,"[0.7017091914831873, 0.6880833596350199, 0.6826707582516842]","[0.7331428571428571, 0.7411428571428571, 0.7428571428571429]"
48,3,2.1902578695710884,0.208,"[2.181525256260332, 2.1706554774778435, 2.1902578695710884]","[0.208, 0.21504761904761904, 0.208]"
48,4,0.6585258518356875,0.7539047619047619,"[0.673940977059215, 0.6636055923369993, 0.6585258518356875]","[0.7432380952380953, 0.7499047619047619, 0.7539047619047619]"
48,0,0.6856101568204811,0.7453333333333333,"[0.6974841708160309, 0.6896391202168293, 0.6856101568204811]","[0.7447619047619047, 0.7493333333333333, 0.7453333333333333]"
48,5,0.7118400654878961,0.7373333333333333,"[0.7139971486057144, 0.7173533138022365, 0.7118400654878961]","[0.7367619047619047, 0.736, 0.7373333333333333]"
48,7,0.6925997014146253,0.7415238095238095,"[0.7071790458208107, 0.7029030294303434, 0.6925997014146253]","[0.7396190476190476, 0.7375238095238095, 0.7415238095238095]"
49,5,0.7030986910124859,0.7380952380952381,"[0.7063592654394816, 0.7065830011683775, 0.7030986910124859]","[0.7384761904761905, 0.7392380952380952, 0.7380952380952381]"
49,4,0.6510102002017469,0.7546666666666667,"[0.6651183341641024, 0.6545958425625261, 0.6510102002017469]","[0.745904761904762, 0.7531428571428571, 0.7546666666666667]"
49,6,0.6746437919427113,0.7481904761904762,"[0.6933611469814577, 0.6797339524849352, 0.6746437919427113]","[0.7388571428571429, 0.7466666666666667, 0.7481904761904762]"
49,2,1.033384118992162,0.6348571428571429,"[1.0555222307343082, 1.043004623917212, 1.033384118992162]","[0.62, 0.6281904761904762, 0.6348571428571429]"
49,3,2.1826251501060394,0.2099047619047619,"[2.177818585591144, 2.1795850834214545, 2.1826251501060394]","[0.2158095238095238, 0.21047619047619048, 0.2099047619047619]"
49,1,0.835413341780743,0.6923809523809524,"[0.8378667924777571, 0.8578206875238074, 0.835413341780743]","[0.6931428571428572, 0.6815238095238095, 0.6923809523809524]"
49,0,0.6772715406245496,0.7476190476190476,"[0.6895241841494318, 0.6818467813083925, 0.6772715406245496]","[0.7495238095238095, 0.7531428571428571, 0.7476190476190476]"
49,7,0.6837931910911238,0.748,"[0.6988619142268078, 0.6943903191980109, 0.6837931910911238]","[0.7415238095238095, 0.7403809523809524, 0.748]"
